arm-attributes.txt	b1cf2c133bb70839666f3326d91a0da2d075641c44ddc64a4157c80a30a7230a
build.log	80f76bcbe3d4e0a7bf5e341adc92fe1cf377c2a3e9b687eebf63171aafc20d14
commands.txt	4ba8864acdb1172b0d13b6a99f238871d47f14d3481283a3d8e1253c4496a270
host-surfaces/external-package-access.stderr.txt	c0bb42d888c4a850f807fb284924b39bd19ef995543cd3adfb2dc7fd94e274a0
host-surfaces/external-package-access.stdout.txt	e3b0c44298fc1c149afbf4c8996fb92427ae41e4649b934ca495991b7852b855
host-surfaces/module-cache/1QGBFB8OQCMNZ/SwiftShims-2IMTS4WWRU7VJ.pcm	19241433e1a975607baeae8cab9c31fdb00df412a5b4dabb5d6460aaa58784ec
host-surfaces/module-cache/1QGBFB8OQCMNZ/_SwiftConcurrencyShims-2IMTS4WWRU7VJ.pcm	a1b205122055657456764531c45fae1b7069c785252466715dc904069dddd553
host-surfaces/module-cache/Swift-1IEYM950OGIQC.swiftmodule	ee90db3fa080943af416e114e3477145333bdb0b3ea6d06c2a4d1ff17e00629d
host-surfaces/module-cache/SwiftOnoneSupport-1TBU3EV6ADR6U.swiftmodule	a229aec502604f20f2cee839f11fffdaf721e9ef591cad15817b1af7d7d30abc
host-surfaces/module-cache/_Concurrency-2ADZMZE46FIUY.swiftmodule	d247076d41eeb76127fd4a1592abf8f9474d59f8156a5ff12f4ec79cc4cac8b2
host-surfaces/module-cache/_StringProcessing-1FL9YJ9FR6ZV0.swiftmodule	d6ffedbd94d29c2c74392a1ff437d117148c69d9dce9ccf0e708d20af627f211
host-surfaces/module-cache/modules.timestamp	e3b0c44298fc1c149afbf4c8996fb92427ae41e4649b934ca495991b7852b855
host-surfaces/non-sendable-activation-failure.stderr.txt	38612fb64d79e04733fd20cd83dfdb439719f06e770294f4b2dbf1dc6f13a3aa
host-surfaces/non-sendable-activation-failure.stdout.txt	e3b0c44298fc1c149afbf4c8996fb92427ae41e4649b934ca495991b7852b855
host-surfaces/report.tsv	299cf84ff6ed63ccaf90a1de4926a561bb7350510fc74a82132f36ce83bb5970
input-hashes.tsv	621a98cf225e33481b7e9f8b237ce630107801140a359a9c5fe75cc1d5eaa371
memory-summary.txt	5b3910d83628089c44a54387a299b92c9ef89060b53ff32306edd4223dd72162
metadata.txt	77bcce367f018b209e524dfb450ed594509b9fd5125b0f291de2070a34629504
report.tsv	f6f14f277c6daaca4c2ed57ac04678f7e4cda67ca1610addd77baa93d0ae892d
run.log	c0f5ec2415068edaa8a218b69edc97c45ed1bff737b29a2e840460403e81f383
semantic.tsv	1ad512b266cb2ee84be6ac1b76f6453da7ea2447cd1a8438cb36e3b63ff61fc1
symbols.txt	af69d4a2fa7657bc573001d7920cfcf51d9967fe9314975f0bca446b55443c63
