spec	criterion	disposition	current_evidence	limit_or_authority
SPEC-001	SA-AC-001	pass	reports/spec-001/{profile}/metadata.txt;criterion-dispositions.tsv;result.md	Four current owner/profile reports and composed evidence in packet 18; passing scope is hardware-free unless packet 16 explicitly supplies a connected subset.
SPEC-001	SA-AC-002	pass	reports/spec-001/{profile}/metadata.txt;criterion-dispositions.tsv;result.md	Four current owner/profile reports and composed evidence in packet 18; passing scope is hardware-free unless packet 16 explicitly supplies a connected subset.
SPEC-001	SA-AC-003	pass	reports/spec-001/{profile}/metadata.txt;criterion-dispositions.tsv;result.md	Four current owner/profile reports and composed evidence in packet 18; passing scope is hardware-free unless packet 16 explicitly supplies a connected subset.
SPEC-001	SA-AC-004	pass	reports/spec-001/{profile}/metadata.txt;criterion-dispositions.tsv;result.md	Four current owner/profile reports and composed evidence in packet 18; passing scope is hardware-free unless packet 16 explicitly supplies a connected subset.
SPEC-001	SA-AC-005	approved exception	reports/spec-001/{profile}/metadata.txt;criterion-dispositions.tsv;result.md	Original 2026-10-03 exception retained unchanged; packet 18 revalidates hardware-free portions and packet 16 supplies only its bounded nRF subset. Pi changed-path work remains blocked.
SPEC-001	SA-AC-006	pass	reports/spec-001/{profile}/metadata.txt;criterion-dispositions.tsv;result.md	Four current owner/profile reports and composed evidence in packet 18; passing scope is hardware-free unless packet 16 explicitly supplies a connected subset.
SPEC-001	SA-AC-007	pass	reports/spec-001/{profile}/metadata.txt;criterion-dispositions.tsv;result.md	Four current owner/profile reports and composed evidence in packet 18; passing scope is hardware-free unless packet 16 explicitly supplies a connected subset.
SPEC-001	SA-AC-008	pass	reports/spec-001/{profile}/metadata.txt;criterion-dispositions.tsv;result.md	Four current owner/profile reports and composed evidence in packet 18; passing scope is hardware-free unless packet 16 explicitly supplies a connected subset.
SPEC-001	SA-AC-009	pass	reports/spec-001/{profile}/metadata.txt;criterion-dispositions.tsv;result.md	Four current owner/profile reports and composed evidence in packet 18; passing scope is hardware-free unless packet 16 explicitly supplies a connected subset.
SPEC-001	SA-AC-010	pass	reports/spec-001/{profile}/metadata.txt;criterion-dispositions.tsv;result.md	Four current owner/profile reports and composed evidence in packet 18; passing scope is hardware-free unless packet 16 explicitly supplies a connected subset.
SPEC-001	SA-AC-011	pass	reports/spec-001/{profile}/metadata.txt;criterion-dispositions.tsv;result.md	Four current owner/profile reports and composed evidence in packet 18; passing scope is hardware-free unless packet 16 explicitly supplies a connected subset.
SPEC-001	SA-AC-012	pass	reports/spec-001/{profile}/metadata.txt;criterion-dispositions.tsv;result.md	404 records per store, five seconds inclusive, separate baselines, 19,392 bytes for three slots; delivery workload remains 2,404.
SPEC-001	SA-AC-013	pass	reports/spec-001/{profile}/metadata.txt;criterion-dispositions.tsv;result.md	Four current owner/profile reports and composed evidence in packet 18; passing scope is hardware-free unless packet 16 explicitly supplies a connected subset.
SPEC-001	SA-AC-014	pass	reports/spec-001/{profile}/metadata.txt;criterion-dispositions.tsv;result.md	Four current owner/profile reports and composed evidence in packet 18; passing scope is hardware-free unless packet 16 explicitly supplies a connected subset.
SPEC-001	SA-AC-015	pass	reports/spec-001/{profile}/metadata.txt;criterion-dispositions.tsv;result.md	Four current owner/profile reports and composed evidence in packet 18; passing scope is hardware-free unless packet 16 explicitly supplies a connected subset.
SPEC-001	SA-AC-016	pass	reports/spec-001/{profile}/metadata.txt;criterion-dispositions.tsv;result.md	Four current owner/profile reports and composed evidence in packet 18; passing scope is hardware-free unless packet 16 explicitly supplies a connected subset.
SPEC-001	SA-AC-017	pass	reports/spec-001/{profile}/metadata.txt;criterion-dispositions.tsv;result.md	Four current owner/profile reports and composed evidence in packet 18; passing scope is hardware-free unless packet 16 explicitly supplies a connected subset.
SPEC-001	SA-AC-018	pass	reports/spec-001/{profile}/metadata.txt;criterion-dispositions.tsv;result.md	Four current owner/profile reports and composed evidence in packet 18; passing scope is hardware-free unless packet 16 explicitly supplies a connected subset.
SPEC-001	SA-AC-019	pass	reports/spec-001/{profile}/metadata.txt;criterion-dispositions.tsv;result.md	Four current owner/profile reports and composed evidence in packet 18; passing scope is hardware-free unless packet 16 explicitly supplies a connected subset.
SPEC-001	SA-AC-020	pass	reports/spec-001/{profile}/metadata.txt;criterion-dispositions.tsv;result.md	Four current owner/profile reports and composed evidence in packet 18; passing scope is hardware-free unless packet 16 explicitly supplies a connected subset.
SPEC-001	SA-AC-021	pass	reports/spec-001/{profile}/metadata.txt;criterion-dispositions.tsv;result.md	Four current owner/profile reports and composed evidence in packet 18; passing scope is hardware-free unless packet 16 explicitly supplies a connected subset.
SPEC-001	SA-AC-022	pass	reports/spec-001/{profile}/metadata.txt;criterion-dispositions.tsv;result.md	Four current owner/profile reports and composed evidence in packet 18; passing scope is hardware-free unless packet 16 explicitly supplies a connected subset.
SPEC-001	SA-AC-023	approved exception	reports/spec-001/{profile}/metadata.txt;criterion-dispositions.tsv;result.md	Original 2026-10-03 exception retained unchanged; packet 18 revalidates hardware-free portions and packet 16 supplies only its bounded nRF subset. Pi changed-path work remains blocked.
SPEC-001	SA-AC-024	approved exception	reports/spec-001/{profile}/metadata.txt;criterion-dispositions.tsv;result.md	Original 2026-10-03 exception retained unchanged; packet 18 revalidates hardware-free portions and packet 16 supplies only its bounded nRF subset. Pi changed-path work remains blocked.
SPEC-001	SA-AC-025	pass	reports/spec-001/{profile}/metadata.txt;criterion-dispositions.tsv;result.md	Current linked RAM 95,104 and flash 274,144; configured stacks unchanged. Historical painted high-water applies only to its historical artifact; no new exhaustive stack measurement.
SPEC-001	SA-AC-026	pass	reports/spec-001/{profile}/metadata.txt;criterion-dispositions.tsv;result.md	Four current owner/profile reports and composed evidence in packet 18; passing scope is hardware-free unless packet 16 explicitly supplies a connected subset.
SPEC-001	SA-AC-027	pass	reports/spec-001/{profile}/metadata.txt;criterion-dispositions.tsv;result.md	Four current owner/profile reports and composed evidence in packet 18; passing scope is hardware-free unless packet 16 explicitly supplies a connected subset.
SPEC-001	SA-AC-028	pass	reports/spec-001/{profile}/metadata.txt;criterion-dispositions.tsv;result.md	Four current owner/profile reports and composed evidence in packet 18; passing scope is hardware-free unless packet 16 explicitly supplies a connected subset.
SPEC-001	SA-AC-029	pass	reports/spec-001/{profile}/metadata.txt;criterion-dispositions.tsv;result.md	Four current owner/profile reports and composed evidence in packet 18; passing scope is hardware-free unless packet 16 explicitly supplies a connected subset.
SPEC-001	SA-AC-030	pass	reports/spec-001/{profile}/metadata.txt;criterion-dispositions.tsv;result.md	Four current owner/profile reports and composed evidence in packet 18; passing scope is hardware-free unless packet 16 explicitly supplies a connected subset.
SPEC-001	SA-AC-031	pass	reports/spec-001/{profile}/metadata.txt;criterion-dispositions.tsv;result.md	Four current owner/profile reports and composed evidence in packet 18; passing scope is hardware-free unless packet 16 explicitly supplies a connected subset.
SPEC-001	SA-AC-032	pass	reports/spec-001/{profile}/metadata.txt;criterion-dispositions.tsv;result.md	Four current owner/profile reports and composed evidence in packet 18; passing scope is hardware-free unless packet 16 explicitly supplies a connected subset.
SPEC-001	SA-AC-033	pass	reports/spec-001/{profile}/metadata.txt;criterion-dispositions.tsv;result.md	Four current owner/profile reports and composed evidence in packet 18; passing scope is hardware-free unless packet 16 explicitly supplies a connected subset.
SPEC-001	SA-AC-034	pass	reports/spec-001/{profile}/metadata.txt;criterion-dispositions.tsv;result.md	Four current owner/profile reports and composed evidence in packet 18; passing scope is hardware-free unless packet 16 explicitly supplies a connected subset.
SPEC-001	SA-AC-035	pass	reports/spec-001/{profile}/metadata.txt;criterion-dispositions.tsv;result.md	Four current owner/profile reports and composed evidence in packet 18; passing scope is hardware-free unless packet 16 explicitly supplies a connected subset.
SPEC-001	SA-AC-036	pass	reports/spec-001/{profile}/metadata.txt;criterion-dispositions.tsv;result.md	Four current owner/profile reports and composed evidence in packet 18; passing scope is hardware-free unless packet 16 explicitly supplies a connected subset.
SPEC-001	SA-AC-037	pass	reports/spec-001/{profile}/metadata.txt;criterion-dispositions.tsv;result.md	Four current owner/profile reports and composed evidence in packet 18; passing scope is hardware-free unless packet 16 explicitly supplies a connected subset.
SPEC-001	SA-AC-038	pass	reports/spec-001/{profile}/metadata.txt;criterion-dispositions.tsv;result.md	Four current owner/profile reports and composed evidence in packet 18; passing scope is hardware-free unless packet 16 explicitly supplies a connected subset.
SPEC-001	SA-AC-039	approved exception	reports/spec-001/{profile}/metadata.txt;criterion-dispositions.tsv;result.md	Original 2026-10-03 exception retained unchanged; packet 18 revalidates hardware-free portions and packet 16 supplies only its bounded nRF subset. Pi changed-path work remains blocked.
SPEC-001	SA-AC-040	pass	reports/spec-001/{profile}/metadata.txt;criterion-dispositions.tsv;result.md	Four current owner/profile reports and composed evidence in packet 18; passing scope is hardware-free unless packet 16 explicitly supplies a connected subset.
SPEC-001	SA-AC-041	pass	reports/spec-001/{profile}/metadata.txt;criterion-dispositions.tsv;result.md	Four current owner/profile reports and composed evidence in packet 18; passing scope is hardware-free unless packet 16 explicitly supplies a connected subset.
SPEC-001	SA-AC-042	pass	reports/spec-001/{profile}/metadata.txt;criterion-dispositions.tsv;result.md	Four current owner/profile reports and composed evidence in packet 18; passing scope is hardware-free unless packet 16 explicitly supplies a connected subset.
SPEC-001	SA-AC-043	pass	reports/spec-001/{profile}/metadata.txt;criterion-dispositions.tsv;result.md	Four current owner/profile reports and composed evidence in packet 18; passing scope is hardware-free unless packet 16 explicitly supplies a connected subset.
SPEC-001	SA-AC-044	pass	reports/spec-001/{profile}/metadata.txt;criterion-dispositions.tsv;result.md	Four current owner/profile reports and composed evidence in packet 18; passing scope is hardware-free unless packet 16 explicitly supplies a connected subset.
SPEC-001	SA-AC-045	pass	reports/spec-001/{profile}/metadata.txt;criterion-dispositions.tsv;result.md	Four current owner/profile reports and composed evidence in packet 18; passing scope is hardware-free unless packet 16 explicitly supplies a connected subset.
SPEC-013	RP-001	pass	reports/spec-013/{profile}/metadata.txt;criterion-dispositions.tsv;result.md	Four current owner/profile reports and composed evidence in packet 18; passing scope is hardware-free unless packet 16 explicitly supplies a connected subset.
SPEC-013	RP-002	pass	reports/spec-013/{profile}/metadata.txt;criterion-dispositions.tsv;result.md	Four current owner/profile reports and composed evidence in packet 18; passing scope is hardware-free unless packet 16 explicitly supplies a connected subset.
SPEC-013	RP-003	pass	reports/spec-013/{profile}/metadata.txt;criterion-dispositions.tsv;result.md	Four current owner/profile reports and composed evidence in packet 18; passing scope is hardware-free unless packet 16 explicitly supplies a connected subset.
SPEC-013	RP-004	pass	reports/spec-013/{profile}/metadata.txt;criterion-dispositions.tsv;result.md	Four current owner/profile reports and composed evidence in packet 18; passing scope is hardware-free unless packet 16 explicitly supplies a connected subset.
SPEC-013	RP-005	pass	reports/spec-013/{profile}/metadata.txt;criterion-dispositions.tsv;result.md	Four current owner/profile reports and composed evidence in packet 18; passing scope is hardware-free unless packet 16 explicitly supplies a connected subset.
SPEC-013	RP-006	pass	reports/spec-013/{profile}/metadata.txt;criterion-dispositions.tsv;result.md	Four current owner/profile reports and composed evidence in packet 18; passing scope is hardware-free unless packet 16 explicitly supplies a connected subset.
SPEC-013	RP-007	pass	reports/spec-013/{profile}/metadata.txt;criterion-dispositions.tsv;result.md	Four current owner/profile reports and composed evidence in packet 18; passing scope is hardware-free unless packet 16 explicitly supplies a connected subset.
SPEC-013	RP-008	pass	reports/spec-013/{profile}/metadata.txt;criterion-dispositions.tsv;result.md	Four current owner/profile reports and composed evidence in packet 18; passing scope is hardware-free unless packet 16 explicitly supplies a connected subset.
SPEC-013	RP-009	pass	reports/spec-013/{profile}/metadata.txt;criterion-dispositions.tsv;result.md	Four current owner/profile reports and composed evidence in packet 18; passing scope is hardware-free unless packet 16 explicitly supplies a connected subset.
SPEC-013	RP-010	pass	reports/spec-013/{profile}/metadata.txt;criterion-dispositions.tsv;result.md	Four current owner/profile reports and composed evidence in packet 18; passing scope is hardware-free unless packet 16 explicitly supplies a connected subset.
SPEC-013	RP-011	pass	reports/spec-013/{profile}/metadata.txt;criterion-dispositions.tsv;result.md	Four current owner/profile reports and composed evidence in packet 18; passing scope is hardware-free unless packet 16 explicitly supplies a connected subset.
SPEC-013	RP-012	pass	reports/spec-013/{profile}/metadata.txt;criterion-dispositions.tsv;result.md	Four current owner/profile reports and composed evidence in packet 18; passing scope is hardware-free unless packet 16 explicitly supplies a connected subset.
SPEC-013	RP-013	pass	reports/spec-013/{profile}/metadata.txt;criterion-dispositions.tsv;result.md	Four current owner/profile reports and composed evidence in packet 18; passing scope is hardware-free unless packet 16 explicitly supplies a connected subset.
SPEC-013	RP-014	pass	reports/spec-013/{profile}/metadata.txt;criterion-dispositions.tsv;result.md	Four current owner/profile reports and composed evidence in packet 18; passing scope is hardware-free unless packet 16 explicitly supplies a connected subset.
SPEC-013	RP-015	pass	reports/spec-013/{profile}/metadata.txt;criterion-dispositions.tsv;result.md	Four current owner/profile reports and composed evidence in packet 18; passing scope is hardware-free unless packet 16 explicitly supplies a connected subset.
SPEC-015	HC-001	pass	reports/spec-015/{profile}/metadata.txt;criterion-dispositions.tsv;result.md	Four current owner/profile reports and composed evidence in packet 18; passing scope is hardware-free unless packet 16 explicitly supplies a connected subset.
SPEC-015	HC-002	pass	reports/spec-015/{profile}/metadata.txt;criterion-dispositions.tsv;result.md	Four current owner/profile reports and composed evidence in packet 18; passing scope is hardware-free unless packet 16 explicitly supplies a connected subset.
SPEC-015	HC-003	pass	reports/spec-015/{profile}/metadata.txt;criterion-dispositions.tsv;result.md	Four current owner/profile reports and composed evidence in packet 18; passing scope is hardware-free unless packet 16 explicitly supplies a connected subset.
SPEC-015	HC-004	pass	reports/spec-015/{profile}/metadata.txt;criterion-dispositions.tsv;result.md	Four current owner/profile reports and composed evidence in packet 18; passing scope is hardware-free unless packet 16 explicitly supplies a connected subset.
SPEC-015	HC-005	pass	reports/spec-015/{profile}/metadata.txt;criterion-dispositions.tsv;result.md	Four current owner/profile reports and composed evidence in packet 18; passing scope is hardware-free unless packet 16 explicitly supplies a connected subset.
SPEC-015	HC-006	pass	reports/spec-015/{profile}/metadata.txt;criterion-dispositions.tsv;result.md	Four current owner/profile reports and composed evidence in packet 18; passing scope is hardware-free unless packet 16 explicitly supplies a connected subset.
SPEC-015	HC-007	pass	reports/spec-015/{profile}/metadata.txt;criterion-dispositions.tsv;result.md	Four current owner/profile reports and composed evidence in packet 18; passing scope is hardware-free unless packet 16 explicitly supplies a connected subset.
SPEC-015	HC-008	pass	reports/spec-015/{profile}/metadata.txt;criterion-dispositions.tsv;result.md	Four current owner/profile reports and composed evidence in packet 18; passing scope is hardware-free unless packet 16 explicitly supplies a connected subset.
SPEC-015	HC-009	pass	reports/spec-015/{profile}/metadata.txt;criterion-dispositions.tsv;result.md	Four current owner/profile reports and composed evidence in packet 18; passing scope is hardware-free unless packet 16 explicitly supplies a connected subset.
SPEC-015	HC-010	pass	reports/spec-015/{profile}/metadata.txt;criterion-dispositions.tsv;result.md	Four current owner/profile reports and composed evidence in packet 18; passing scope is hardware-free unless packet 16 explicitly supplies a connected subset.
SPEC-015	HC-011	pass	reports/spec-015/{profile}/metadata.txt;criterion-dispositions.tsv;result.md	Four current owner/profile reports and composed evidence in packet 18; passing scope is hardware-free unless packet 16 explicitly supplies a connected subset.
SPEC-015	HC-012	pass	reports/spec-015/{profile}/metadata.txt;criterion-dispositions.tsv;result.md	Four current owner/profile reports and composed evidence in packet 18; passing scope is hardware-free unless packet 16 explicitly supplies a connected subset.
SPEC-015	HC-013	pass	reports/spec-015/{profile}/metadata.txt;criterion-dispositions.tsv;result.md	Four current owner/profile reports and composed evidence in packet 18; passing scope is hardware-free unless packet 16 explicitly supplies a connected subset.
SPEC-015	HC-014	pass	reports/spec-015/{profile}/metadata.txt;criterion-dispositions.tsv;result.md	Four current owner/profile reports and composed evidence in packet 18; passing scope is hardware-free unless packet 16 explicitly supplies a connected subset.
SPEC-015	HC-015	pass	reports/spec-015/{profile}/metadata.txt;criterion-dispositions.tsv;result.md	Four current owner/profile reports and composed evidence in packet 18; passing scope is hardware-free unless packet 16 explicitly supplies a connected subset.
SPEC-015	HC-016	pass	reports/spec-015/{profile}/metadata.txt;criterion-dispositions.tsv;result.md	Four current owner/profile reports and composed evidence in packet 18; passing scope is hardware-free unless packet 16 explicitly supplies a connected subset.
SPEC-015	HC-017	pass	reports/spec-015/{profile}/metadata.txt;criterion-dispositions.tsv;result.md	Four current owner/profile reports and composed evidence in packet 18; passing scope is hardware-free unless packet 16 explicitly supplies a connected subset.
SPEC-015	HC-018	pass	reports/spec-015/{profile}/metadata.txt;criterion-dispositions.tsv;result.md	Four current owner/profile reports and composed evidence in packet 18; passing scope is hardware-free unless packet 16 explicitly supplies a connected subset.
