audit.tsv	cee34740b22a573fa934dd6adb212230976b281cf2af7b3f9082828215e205d3
commands.txt	84e0c924b920e1d98a6338c0085e02556a6e585f3906ccc26c87dbcd4e50b9d0
fixture-results.tsv	53e1803c9a9a6d1c09c0d391de6d057bd6a6e387182d4c1463f720f625a16774
input-hashes.tsv	9d5c3a64497f766683324d647368e2bcf9d6c4e0fd4899fb308592aed2a7a915
limits.tsv	65e16646401e3d8056787fe8bf656d75bb961118c6b3861fc6b5ebaa85fe1024
metadata.txt	890229455355b72cd74c9156951bc904fc5ac8054a50f91dc54c621f463007a2
prerequisites.tsv	a5955b65d71197c0fb0fc21dc5825b365df5357d0c5a29be94c1b1b78743516b
profile-report.tsv	366b27730df677aeaca53e9ea971ef1ec94b6237569de11e34e39edcab541f5a
required-evidence.tsv	50673ecdfd0299097e3c6d4569fd047d6d811e3fd24bd1b182e817e22ee2ec49
run.log	e3b0c44298fc1c149afbf4c8996fb92427ae41e4649b934ca495991b7852b855
storage-high-water.tsv	dcdbe06b908ccd773e152bdc05458abc773170123eea6bc1711edfaa9abd07f9
transcript-input-digests.tsv	f0dd99a33fe8b57be9a8353a0dc37bd5ffe8d2c5529d10be3a7ed2b2b0f61d7e
workload-timing.tsv	94b9058be33e828697fc0c67261413e633670f4efed0319a3df887d3f70abe5d
