binary-boundary-regression.log	226d7d6eca72126fe74c22242e9e488428d524b45eaced42fd5892142f0abb87
build/GiftUICapabilities.abi.json	6ad1f9079a6a708d0861a8222b501cedbeede801f1d8db270a1e73f282688cb9
build/GiftUICapabilities.dependencies.json	799bd066eb5e2043c1951b822190e3f49a20b77a9517fa00aa302667106e63d7
build/GiftUICapabilities.private.swiftinterface	8ea76b27ef40e90465078973b2496ca57d7042109b811fd3a1ce68a376f13c3d
build/GiftUICapabilities.swiftdoc	1a7bac91c6f1c330e4a7c54ec7d2acbf0791515917306d68e4970c4cb1b74e70
build/GiftUICapabilities.swiftinterface	8ea76b27ef40e90465078973b2496ca57d7042109b811fd3a1ce68a376f13c3d
build/GiftUICapabilities.swiftmodule	1a7ac6ddefd3be0727401f7ccde2f3c3c689e97fc0bda3b802590ae69739ba1b
build/GiftUICapabilities.swiftsourceinfo	d1614472af8c72540b688ece078e9479607ae2b3531d6328e1a6716adfbd1bdd
build/allocation-probe/allocation-probe	cd7d61386721c3f6a61dc92b0669bf9ce9b88e45b60c3daa4ddb9b903093246e
build/allocation-probe/libGiftUIAllocationInterposer.dylib	0ad4bb40717a670fb624747106d11e346ecd3e91220cfcc96552e1774860f180
build/clang-cache/34NPMVVRX9YN4/SwiftShims-2IMTS4WWRU7VJ.pcm	7f1cb5c3bbc2102658b6a3cc6ae4801588a73a30298af170ab108015c0016c46
build/clang-cache/34NPMVVRX9YN4/_SwiftConcurrencyShims-2IMTS4WWRU7VJ.pcm	1ce01ef20950d29180b8a314dd958f9347d59161406ae75aa2fc94985d5dd470
build/clang-cache/3CPHG2CVUV4Y9/SwiftShims-2IMTS4WWRU7VJ.pcm	1a99951f03d35b04e981af63fba61082de46d042594a7761c61d84166a1c0337
build/clang-cache/3CPHG2CVUV4Y9/_SwiftConcurrencyShims-2IMTS4WWRU7VJ.pcm	3e1541090fa09f5540cac492199e0c2025bed5ad6c85f196097a6b003e5c587c
build/clang-cache/Swift-1IEYM950OGIQC.swiftmodule	ee90db3fa080943af416e114e3477145333bdb0b3ea6d06c2a4d1ff17e00629d
build/clang-cache/ZJVKR5RS2R8W/SwiftShims-2IMTS4WWRU7VJ.pcm	0f27787d1f4dde7ca2a963e60d1d5d9d167bd343eebadc2b058abaf987bd8326
build/clang-cache/ZJVKR5RS2R8W/_SwiftConcurrencyShims-2IMTS4WWRU7VJ.pcm	e9b96cf23b2fffb635d97be25a17d0b7ed1488d6965270796431a4a635a490de
build/clang-cache/_Concurrency-2ADZMZE46FIUY.swiftmodule	d247076d41eeb76127fd4a1592abf8f9474d59f8156a5ff12f4ec79cc4cac8b2
build/clang-cache/_StringProcessing-1FL9YJ9FR6ZV0.swiftmodule	d6ffedbd94d29c2c74392a1ff437d117148c69d9dce9ccf0e708d20af627f211
build/clang-cache/modules.timestamp	e3b0c44298fc1c149afbf4c8996fb92427ae41e4649b934ca495991b7852b855
build/defined-symbols.txt	3444f1590e7a13cc24592fb41dd8807ad08d2a886318c0570bb90090c2c9581a
build/giftui/GiftUI.abi.json	ce80ca4c75b21d1277289e7842d46521a9b0f7ae380b2ecfdff4c85ed9adcc8e
build/giftui/GiftUI.package.swiftinterface	eec4eb74b3a7e7b4f40f8649c3a775c1a6bb3f560018a45728cc92c243354ec9
build/giftui/GiftUI.private.swiftinterface	aa920a078703489b15b48b788c858a3ff5934b37c164f2b51b5310ad95347e6d
build/giftui/GiftUI.swiftdoc	4d81ae0348acd400074a779b993aa9f2661145c0ff5a23f0dea3c5e802c2085b
build/giftui/GiftUI.swiftinterface	aa920a078703489b15b48b788c858a3ff5934b37c164f2b51b5310ad95347e6d
build/giftui/GiftUI.swiftmodule	f544db2c87bf7514ce7311366fb0f151814a9e5b63b28bce34f943675c93f656
build/giftui/GiftUI.swiftsourceinfo	f3d6292b7835be19995ff7d24827830b6256a645a9cf42b181fa8fff8a592f66
build/instrumentation-symbols.txt	e3b0c44298fc1c149afbf4c8996fb92427ae41e4649b934ca495991b7852b855
build/normalized-profile-probe/normalized-profile-probe	87a34a92a8bb4aed6656d6a4ffb74d0e114d864c580e78763bca896dc6ca761f
build/product-links.txt	31da37336a93f5cb6fdaec759f9391dc79281481dae0820af1498e1982d0f704
build/semantic-probe/expected-arithmetic.tsv	0b268debe12e57a36cbfc71e7d19c22aa4ae5f8493fe29b5ba1e8a2a1d563a44
build/semantic-probe/semantic-probe	c5b88a14d9c914e392651e650367e613915f9500f10c2fbf1285e5f7301cc865
build/swiftpm-cache/3T5H2677C6X26/SwiftShims-2IMTS4WWRU7VJ.pcm	31cf7654c9d40b6ed196519499962e99ab8ea8aeb18de37b42540a0bb34f09d7
build/swiftpm-cache/3T5H2677C6X26/_SwiftConcurrencyShims-2IMTS4WWRU7VJ.pcm	9cd543c72b64669d1af86b41f8361a73c348c951806b5d6473dd48f2d1177842
build/swiftpm-cache/CompilerPluginSupport-2XR0B39NG5WOY.swiftmodule	161f26cea3472d9a3c5efbf0959c30935f0f8740a5c69667f5490b1b7dd4d7f2
build/swiftpm-cache/PackageDescription-1ZB4AC7ND68BU.swiftmodule	369fd2ead55ebd8dda5b1f9f0595919f7f1d655f610aba990f491683d564516d
build/swiftpm-cache/Swift-1IEYM950OGIQC.swiftmodule	ee90db3fa080943af416e114e3477145333bdb0b3ea6d06c2a4d1ff17e00629d
build/swiftpm-cache/SwiftOnoneSupport-1TBU3EV6ADR6U.swiftmodule	a229aec502604f20f2cee839f11fffdaf721e9ef591cad15817b1af7d7d30abc
build/swiftpm-cache/YHS844WX1CCO/SwiftShims-2IMTS4WWRU7VJ.pcm	ea7bd429799deaff19043b7b3a8de174a6cb34cfbecb2212c241a4bf9c6f3c33
build/swiftpm-cache/YHS844WX1CCO/_SwiftConcurrencyShims-2IMTS4WWRU7VJ.pcm	35032ab105663f6f47f8d434da9ee48248af3e856e0a1f5258b9fc58eb3296f0
build/swiftpm-cache/_Concurrency-2ADZMZE46FIUY.swiftmodule	d247076d41eeb76127fd4a1592abf8f9474d59f8156a5ff12f4ec79cc4cac8b2
build/swiftpm-cache/_StringProcessing-1FL9YJ9FR6ZV0.swiftmodule	d6ffedbd94d29c2c74392a1ff437d117148c69d9dce9ccf0e708d20af627f211
build/swiftpm-cache/modules.timestamp	e3b0c44298fc1c149afbf4c8996fb92427ae41e4649b934ca495991b7852b855
build/undefined-symbols.txt	c5384f3e593159f16cf610e236a5a9ef97d828c0162262902dd3c575bf0714e0
commands.txt	8977622943b3cb1427b64b24806b6509ee9dc6c3514825be40633c857b765244
dependency-regressions.log	658c8ff9587807bffd2e8a8e0fcee10d1863750eba39d7092450022270eb89b1
fixtures/forbidden-backend-import/stderr.txt	646c69464da9212cd5c54129671e2db3d67e2311f5da037d6c8b7ef3dfff15ce
fixtures/forbidden-backend-import/stdout.txt	e3b0c44298fc1c149afbf4c8996fb92427ae41e4649b934ca495991b7852b855
fixtures/forbidden-driver-import/stderr.txt	98ee2faf10cc08bbbc95459177403610c6ea3f9a6763734afc0d356c5c53214d
fixtures/forbidden-driver-import/stdout.txt	e3b0c44298fc1c149afbf4c8996fb92427ae41e4649b934ca495991b7852b855
fixtures/forbidden-execution-import/stderr.txt	83e84f9bfa753d0b472b8e893449374aa03d0891d1e81a7858066d8ba4b6b3d4
fixtures/forbidden-execution-import/stdout.txt	e3b0c44298fc1c149afbf4c8996fb92427ae41e4649b934ca495991b7852b855
fixtures/forbidden-failure-core-import/stderr.txt	574e317504cf2418e18ccdd9b5254deb39d83e9a52febb222da50bb710e487fa
fixtures/forbidden-failure-core-import/stdout.txt	e3b0c44298fc1c149afbf4c8996fb92427ae41e4649b934ca495991b7852b855
fixtures/forbidden-failure-diagnostics-import/stderr.txt	484c49c2890525d140c89565ff3802d2d957de6fd492192454348eab4726161b
fixtures/forbidden-failure-diagnostics-import/stdout.txt	e3b0c44298fc1c149afbf4c8996fb92427ae41e4649b934ca495991b7852b855
fixtures/forbidden-failure-execution-import/stderr.txt	bdde5ab1d286dfa8f5c81820834755a4f6de0ef0e79addc3bf2113fbea375b06
fixtures/forbidden-failure-execution-import/stdout.txt	e3b0c44298fc1c149afbf4c8996fb92427ae41e4649b934ca495991b7852b855
fixtures/forbidden-giftui-import/stderr.txt	b4234c5c157f9fe0bb6a8b9d21a9464dbab621e9369912c9044836471b25a011
fixtures/forbidden-giftui-import/stdout.txt	e3b0c44298fc1c149afbf4c8996fb92427ae41e4649b934ca495991b7852b855
fixtures/forbidden-host-import/stderr.txt	b0d688e5738b9f09465172b6a4468c95782a1d5d88b183cda52864812c07dd8b
fixtures/forbidden-host-import/stdout.txt	e3b0c44298fc1c149afbf4c8996fb92427ae41e4649b934ca495991b7852b855
fixtures/forbidden-layout-import/stderr.txt	3ef90a26eb253e9f4b74973094ae93585f89f18e04157822f95aade59557d83a
fixtures/forbidden-layout-import/stdout.txt	e3b0c44298fc1c149afbf4c8996fb92427ae41e4649b934ca495991b7852b855
fixtures/forbidden-platform-import/stderr.txt	39df76368fcd4799e595fc55dec3af54452445a6b321f398e1a0884d5a1e56f6
fixtures/forbidden-platform-import/stdout.txt	e3b0c44298fc1c149afbf4c8996fb92427ae41e4649b934ca495991b7852b855
fixtures/forbidden-render-import/stderr.txt	63c1a4b3df5880c1338137e0c0814fd7ea69e44fcc97cee5331876d5acc8c533
fixtures/forbidden-render-import/stdout.txt	e3b0c44298fc1c149afbf4c8996fb92427ae41e4649b934ca495991b7852b855
fixtures/forbidden-runtime-dynamic-import/stderr.txt	fb87032b4e7a1fafd8aaf3640c35c2c973d57f5b68882d44111ec5e5fa975660
fixtures/forbidden-runtime-dynamic-import/stdout.txt	e3b0c44298fc1c149afbf4c8996fb92427ae41e4649b934ca495991b7852b855
fixtures/forbidden-runtime-static-import/stderr.txt	7490cb82ef237f34b4e2059ef05ef8e04bcdc6736a6ad37663e579d72acce444
fixtures/forbidden-runtime-static-import/stdout.txt	e3b0c44298fc1c149afbf4c8996fb92427ae41e4649b934ca495991b7852b855
fixtures/forbidden-semantic-import/stderr.txt	c3a79ee4b6ca34d131c5315a1bdf4d189ab9f548726ee516bc22669b1a8a64b5
fixtures/forbidden-semantic-import/stdout.txt	e3b0c44298fc1c149afbf4c8996fb92427ae41e4649b934ca495991b7852b855
fixtures/import-capabilities/stderr.txt	e3b0c44298fc1c149afbf4c8996fb92427ae41e4649b934ca495991b7852b855
fixtures/import-capabilities/stdout.txt	e3b0c44298fc1c149afbf4c8996fb92427ae41e4649b934ca495991b7852b855
image-hashes.tsv	7288a1ccb6ecdb6376e9594b5cf9731d7d4a12442196042aafad50b63484911d
input-hashes.tsv	d93a5691c785f10759332a401c28eabb9b89b66e7d6a2b188e737e47cf88850d
layout-regression.log	22b153b064522ff2e58c95d45dc31010cb7dd640704d78ed7539ebd90e3b9959
metadata.txt	8576c4a478fa6d61c0b29cd8e5c7545089316aba3a5833c7c0a0d625174f801f
package.json	3ac149e5098470c92476f8a3a833cf6b87b6f7e861d4652a63aa13e8d9d1a52b
portable-source-regression.log	1ac7876535f9e01460a0569abf05fcec7c49173f44a6ddeeedfa355224e52a9e
resources/candidate/libGiftUICapabilities.a	75c15b928f84c9977aa0d0bec44fb99f35f42f55637e38ff0eabe5d2866cb97f
run.log	cae8fae34c08260fd751302e8aee5a0fdd2f778258d57f2a599e232bcb13242b
semantics/allocation-layout-probe.txt	a2a0faa9ac3b738c6d16a5eea1886a8d1202b077ae210e9ffe8b43cc13f0c045
semantics/arithmetic.tsv	0b268debe12e57a36cbfc71e7d19c22aa4ae5f8493fe29b5ba1e8a2a1d563a44
semantics/capability-layout.ll	687298af5a35b8124d887a7222352e967691e6ac7b4ab10fa911ccabf1598b09
semantics/capability-layout.tsv	aa995be91997e5c4749c7ec111162f8fcd56a8916434f512776da754044a4252
semantics/macos-profile-equivalence.txt	abda6e331210d22fca5a364d9fd82bdc92210d098713f8b5dbf82d2cc6da21eb
semantics/normalized-profile.txt	b28fa845f8ea87a8c76546d726dbf151c585082d4a6f2a1d0643ae17542d2386
value-boundary-regression.log	c3f14e38da4758ccd217480bd3d018fd828ff70c526428c793fa70d0dbbbb519
