build/clang-cache/Swift-1IEYM950OGIQC.swiftmodule	ee90db3fa080943af416e114e3477145333bdb0b3ea6d06c2a4d1ff17e00629d
build/clang-cache/ZJVKR5RS2R8W/SwiftShims-2IMTS4WWRU7VJ.pcm	9b3f8b0772aeb2f4799ac18e72a2e3e6a93b741aeccc77e7779e11d24bc3c3aa
build/clang-cache/ZJVKR5RS2R8W/_SwiftConcurrencyShims-2IMTS4WWRU7VJ.pcm	2348d37817a378810ab9240fd721b7c7c1f2a1abfa1feafaf68a2cc69fa184e1
build/clang-cache/_Concurrency-2ADZMZE46FIUY.swiftmodule	d247076d41eeb76127fd4a1592abf8f9474d59f8156a5ff12f4ec79cc4cac8b2
build/clang-cache/_StringProcessing-1FL9YJ9FR6ZV0.swiftmodule	d6ffedbd94d29c2c74392a1ff437d117148c69d9dce9ccf0e708d20af627f211
build/clang-cache/modules.timestamp	e3b0c44298fc1c149afbf4c8996fb92427ae41e4649b934ca495991b7852b855
build/giftui-wrappers.sil	dfb73f6f24d8f01f38aeac310c59a29bc17f7f0c633cac17517aeaac5f9515ec
build/libGiftUI.dylib	e9ed68ce4fb69675d24afafa7ef2e8b0ed626128e851e2ec560abe598e9937b1
build/libGiftUISemanticCore.dylib	9d2aa9e0cf07f20644988d834f80d821cbfa5fa8b1e378391894d5f7e9b92c7a
build/modules/GiftUI.abi.json	4277ac6b49f8511196028a5ac20f5b1b1dfa754c24615d34068089f0b1739728
build/modules/GiftUI.package.swiftinterface	5ec47b934dfd5ea62c9ff2145f9353eb483b4fb9c74d3848cc2d0af855c34138
build/modules/GiftUI.private.swiftinterface	9fc655166ca84d97868dff8b7445bd10813775640a8a596939e707be0d8ce93b
build/modules/GiftUI.swiftdoc	4d81ae0348acd400074a779b993aa9f2661145c0ff5a23f0dea3c5e802c2085b
build/modules/GiftUI.swiftinterface	9fc655166ca84d97868dff8b7445bd10813775640a8a596939e707be0d8ce93b
build/modules/GiftUI.swiftmodule	179f3c99e626720488130fbbb2301b5ed496e7c9dc97020220817c88eb508ceb
build/modules/GiftUI.swiftsourceinfo	d8c87582fc01e208db116e952f93363a1c06a695e5675aed22486df7e502700e
build/modules/GiftUISemanticCore.abi.json	4277ac6b49f8511196028a5ac20f5b1b1dfa754c24615d34068089f0b1739728
build/modules/GiftUISemanticCore.package.swiftinterface	4a8eea649942c9edec40e232d8cec1e4ca128d8f962048928b526caed573c20d
build/modules/GiftUISemanticCore.private.swiftinterface	df80f8adf03067c60ef1536c580e8c992b4155616810ccb20a143a43dcf7d0b5
build/modules/GiftUISemanticCore.swiftdoc	cbc77ceb87481e90630723a8d00704a8a278ab651ce5e01514146fa20922bdbc
build/modules/GiftUISemanticCore.swiftinterface	df80f8adf03067c60ef1536c580e8c992b4155616810ccb20a143a43dcf7d0b5
build/modules/GiftUISemanticCore.swiftmodule	fe6cf0aedd58c62087d1655b94581838fdcdf4fdc1aa94edc2eb869ee234b810
build/modules/GiftUISemanticCore.swiftsourceinfo	a83adbe5afd3ab8b9ffb430167359324d2f16a56b6e80369b90e048b6a92cb24
commands.txt	3c2c00ba4a9fc6298df44cb36dab116c8168befa3b7d618961c13f52a1309740
fixtures/action-associated-value/stderr.txt	8a04ebc75b376252a7bbc038b2a581bd53110f1d8ac5f9975929c869877a3df8
fixtures/action-associated-value/stdout.txt	e3b0c44298fc1c149afbf4c8996fb92427ae41e4649b934ca495991b7852b855
fixtures/action-uint16-domain/stderr.txt	e3b0c44298fc1c149afbf4c8996fb92427ae41e4649b934ca495991b7852b855
fixtures/action-uint16-domain/stdout.txt	e3b0c44298fc1c149afbf4c8996fb92427ae41e4649b934ca495991b7852b855
fixtures/action-with-content/stderr.txt	e3b0c44298fc1c149afbf4c8996fb92427ae41e4649b934ca495991b7852b855
fixtures/action-with-content/stdout.txt	e3b0c44298fc1c149afbf4c8996fb92427ae41e4649b934ca495991b7852b855
fixtures/action-wrong-raw-width/stderr.txt	6d4f6d20e5ca242c6e4a148b40962758017cf75ee277a5215d5c59e089c6cf07
fixtures/action-wrong-raw-width/stdout.txt	e3b0c44298fc1c149afbf4c8996fb92427ae41e4649b934ca495991b7852b855
fixtures/builder-conditional/stderr.txt	e3b0c44298fc1c149afbf4c8996fb92427ae41e4649b934ca495991b7852b855
fixtures/builder-conditional/stdout.txt	e3b0c44298fc1c149afbf4c8996fb92427ae41e4649b934ca495991b7852b855
fixtures/builder-direct-six/stderr.txt	7223c88825885e72f358e7f2d28abfc8f56c7d1d205cd44b88383f7e92deeb07
fixtures/builder-direct-six/stdout.txt	e3b0c44298fc1c149afbf4c8996fb92427ae41e4649b934ca495991b7852b855
fixtures/builder-dynamic-array/stderr.txt	076559db0b4c3314c540e0c928abed4c860803c4f59debbd1e782074aedf5ff2
fixtures/builder-dynamic-array/stdout.txt	e3b0c44298fc1c149afbf4c8996fb92427ae41e4649b934ca495991b7852b855
fixtures/builder-nested-six/stderr.txt	e3b0c44298fc1c149afbf4c8996fb92427ae41e4649b934ca495991b7852b855
fixtures/builder-nested-six/stdout.txt	e3b0c44298fc1c149afbf4c8996fb92427ae41e4649b934ca495991b7852b855
fixtures/builder-optional/stderr.txt	e3b0c44298fc1c149afbf4c8996fb92427ae41e4649b934ca495991b7852b855
fixtures/builder-optional/stdout.txt	e3b0c44298fc1c149afbf4c8996fb92427ae41e4649b934ca495991b7852b855
fixtures/builder-property-function/stderr.txt	e3b0c44298fc1c149afbf4c8996fb92427ae41e4649b934ca495991b7852b855
fixtures/builder-property-function/stdout.txt	e3b0c44298fc1c149afbf4c8996fb92427ae41e4649b934ca495991b7852b855
fixtures/builder-zero-through-five/stderr.txt	e3b0c44298fc1c149afbf4c8996fb92427ae41e4649b934ca495991b7852b855
fixtures/builder-zero-through-five/stdout.txt	e3b0c44298fc1c149afbf4c8996fb92427ae41e4649b934ca495991b7852b855
fixtures/external-custom-view/stderr.txt	e3b0c44298fc1c149afbf4c8996fb92427ae41e4649b934ca495991b7852b855
fixtures/external-custom-view/stdout.txt	e3b0c44298fc1c149afbf4c8996fb92427ae41e4649b934ca495991b7852b855
fixtures/external-invalid-conformance/stderr.txt	927d3d3872929196f1f00240886bd13b7c44dd073a525325033069bc3e76fd45
fixtures/external-invalid-conformance/stdout.txt	e3b0c44298fc1c149afbf4c8996fb92427ae41e4649b934ca495991b7852b855
fixtures/forbidden-failure-core-import/stderr.txt	4978a7b254be74b0fb8c0539227c3099655bd84349dd6c90e35f0d3254c48657
fixtures/forbidden-failure-core-import/stdout.txt	e3b0c44298fc1c149afbf4c8996fb92427ae41e4649b934ca495991b7852b855
fixtures/forbidden-failure-execution-import/stderr.txt	8044f0d9f06497384b76cf95e1f8c0089edfdb58232b677c4949a466debe6fc3
fixtures/forbidden-failure-execution-import/stdout.txt	e3b0c44298fc1c149afbf4c8996fb92427ae41e4649b934ca495991b7852b855
fixtures/import-semantic-core/stderr.txt	e3b0c44298fc1c149afbf4c8996fb92427ae41e4649b934ca495991b7852b855
fixtures/import-semantic-core/stdout.txt	e3b0c44298fc1c149afbf4c8996fb92427ae41e4649b934ca495991b7852b855
fixtures/primitive-with-content/stderr.txt	e3b0c44298fc1c149afbf4c8996fb92427ae41e4649b934ca495991b7852b855
fixtures/primitive-with-content/stdout.txt	e3b0c44298fc1c149afbf4c8996fb92427ae41e4649b934ca495991b7852b855
fixtures/wrapper-initializer-access/stderr.txt	30bc6544ef428703a23691ac1cc349d837532ac66f0650ea36898fe3088dd59f
fixtures/wrapper-initializer-access/stdout.txt	e3b0c44298fc1c149afbf4c8996fb92427ae41e4649b934ca495991b7852b855
fixtures/wrapper-storage-access/stderr.txt	4e8a4c73b1ca7264c6ebbd6d7c7503eb33a254e91a6dbf80839dd1e2905342bd
fixtures/wrapper-storage-access/stdout.txt	e3b0c44298fc1c149afbf4c8996fb92427ae41e4649b934ca495991b7852b855
image-hashes.tsv	dd38c75bb465430e6c99beea8e2ea15e5bc53824ab1ea959ab3b7ed33eab31f2
input-hashes.tsv	e4e48e37d8c767c75056a21420f40a4dad0098466980377e5c68ab14c0337452
metadata.txt	93e7e474941ce78b3a81cb53e2651fafda950cd2ad438e41e970c5cb43229e8e
required-evidence.tsv	37b9b52817805e46296c0d2678f31f94a17f43468cd13468a788a76a2688da71
run.log	1cd0d0fe1959c06edca51e484204223d43286a43f8a4b5fcb2bd5f1e731ea497
semantics/complexity.tsv	f430cea16d9d1887686b7a606611a8100382afda5eaf67d9525ae5a28c97bc58
semantics/dependency-surface.txt	3311644a8f808d70944faf841cb7b0d7db301bdc75a1e45db860cecc6d144f2f
semantics/layout-allocation.tsv	6df14fadf035f7b806e892070073de65fca2389b94c6b6612d145e8655360da6
semantics/layout-probe.ll	e67396201b323e3c8d020331aeb7d1bc7d0f064c9978ebf698aac6aceb3ab4d7
semantics/normalized-profile.txt	6e0c850b58ffe397f039d4c9bd27f9705d8a4cac19589eda8184226193655d30
semantics/semantic-core.sil	9d070d4cf4a91d94241eb83d446d9050ef02bc343e273728701f9531186efe51
semantics/target-abi.txt	4a7d8e8a9428681f6138a9112ef52b91c62e7a4ca7401d9e8366eb611e0cb4cc
semantics/wrapper-sil-audit.txt	eaa84e86899cf9a0e50d390812a3980bf1c73d3768a4ec6472448bbbc634f60d
