build/GiftUI.swiftdoc	1bdf9682c49505b3b35fdbdc6dd038268a660ce07c5cdf5e95a583f4acd78049
build/GiftUI.swiftmodule	1df7d5ce53c7cf6c6825693432d769748893daad87e2367df95ed8824be8d21e
build/GiftUI.swiftsourceinfo	886fb70e4adfe848e1639a653b817878d9d8388c1cea180522c60fca98243306
build/module-cache/1GLF9CX87ONRE/SwiftShims-23XBJIVCAZUQI.pcm	84a560f0486f00526bf0d6a771d54d16c0104db8ff4ec27f1801ad908d76b52d
build/module-cache/1GLF9CX87ONRE/_SwiftConcurrencyShims-23XBJIVCAZUQI.pcm	a582fc2f4043c183dc0e96d6948ef7c06aa521ad9a95cbc3ebb0228ece0b20b4
build/module-cache/modules.timestamp	e3b0c44298fc1c149afbf4c8996fb92427ae41e4649b934ca495991b7852b855
build/portable-profile-host.o	f417a8aa406f32198becebee40efa7652dc15cadd2dcb84344beae6cf10a03c8
build/profile-host-module-cache/1RV3KA64DK6IJ/SwiftShims-23XBJIVCAZUQI.pcm	282257ef41293d893a2cebbf29a98682d377fc6dc80da3e352e80fffe81f355f
build/profile-host-module-cache/1RV3KA64DK6IJ/_SwiftConcurrencyShims-23XBJIVCAZUQI.pcm	d5062347d75b2dcf8cb37af4d0592821bcecfe684cef1e2fbb2f49c94a925588
build/profile-host-module-cache/modules.timestamp	e3b0c44298fc1c149afbf4c8996fb92427ae41e4649b934ca495991b7852b855
commands.txt	8ede6a1cd51f363011245933b79300e04908355547d0df240cf975c9427a4dea
fixtures/attachment-initializer-access/module-cache/13C4VTK7ZZE52/SwiftShims-23XBJIVCAZUQI.pcm	acb6a248b4a52428d466d55efadd71359662e9a6bdb3d4745b8ec21f2fbcbf5d
fixtures/attachment-initializer-access/module-cache/13C4VTK7ZZE52/_SwiftConcurrencyShims-23XBJIVCAZUQI.pcm	d0d01af8a4b88f8fa0d9f886a3b928e21946ecf5c77d4c71215f0e951b8ff85a
fixtures/attachment-initializer-access/module-cache/modules.timestamp	e3b0c44298fc1c149afbf4c8996fb92427ae41e4649b934ca495991b7852b855
fixtures/attachment-initializer-access/stderr.txt	50e25c594b09e2e6bcd2a5238a439447e39df03568ce074fa47bf81ceec52c37
fixtures/attachment-initializer-access/stdout.txt	e3b0c44298fc1c149afbf4c8996fb92427ae41e4649b934ca495991b7852b855
fixtures/portable-observable-declarations/module-cache/13C4VTK7ZZE52/SwiftShims-23XBJIVCAZUQI.pcm	cff53123702e9261690fff92a1ecb2ee050efa9673906fd5119c7fa68156e20e
fixtures/portable-observable-declarations/module-cache/13C4VTK7ZZE52/_SwiftConcurrencyShims-23XBJIVCAZUQI.pcm	dfb5e08d08eb75c3aaedb9b055b3f3e355f3e79a50beca95b1f212f1d83e1e87
fixtures/portable-observable-declarations/module-cache/modules.timestamp	e3b0c44298fc1c149afbf4c8996fb92427ae41e4649b934ca495991b7852b855
fixtures/portable-observable-declarations/stderr.txt	e3b0c44298fc1c149afbf4c8996fb92427ae41e4649b934ca495991b7852b855
fixtures/portable-observable-declarations/stdout.txt	e3b0c44298fc1c149afbf4c8996fb92427ae41e4649b934ca495991b7852b855
fixtures/sink-initializer-access/module-cache/13C4VTK7ZZE52/SwiftShims-23XBJIVCAZUQI.pcm	b6748038a7b9cac5d5ea67aaa64e050cac76737b3ca44f5bf400ac97838acf68
fixtures/sink-initializer-access/module-cache/13C4VTK7ZZE52/_SwiftConcurrencyShims-23XBJIVCAZUQI.pcm	46dd660aaab1be9b300a29d58ba52b02d2e256ce269466bd968e462397f9efe0
fixtures/sink-initializer-access/module-cache/modules.timestamp	e3b0c44298fc1c149afbf4c8996fb92427ae41e4649b934ca495991b7852b855
fixtures/sink-initializer-access/stderr.txt	d5ed16f1da8eaeb98afd5d505e4db082c82c509caaf9c8f85899b8dce97fa333
fixtures/sink-initializer-access/stdout.txt	e3b0c44298fc1c149afbf4c8996fb92427ae41e4649b934ca495991b7852b855
fixtures/wrapper-binding-access/module-cache/13C4VTK7ZZE52/SwiftShims-23XBJIVCAZUQI.pcm	5447f7bcf51eca77452cce5e58ac6618690c26799c7c85864e9953568017f63c
fixtures/wrapper-binding-access/module-cache/13C4VTK7ZZE52/_SwiftConcurrencyShims-23XBJIVCAZUQI.pcm	d44bdea55b384cffa1a66ca34f2e9c396c25bafc74dbd1c842c9b9d5800b4f8e
fixtures/wrapper-binding-access/module-cache/modules.timestamp	e3b0c44298fc1c149afbf4c8996fb92427ae41e4649b934ca495991b7852b855
fixtures/wrapper-binding-access/stderr.txt	960fa290c0df97dac1b81d5f5cae120e4175a8ef5757ce88578b8224bf9c6623
fixtures/wrapper-binding-access/stdout.txt	e3b0c44298fc1c149afbf4c8996fb92427ae41e4649b934ca495991b7852b855
generated-declaration.tsv	1ab22a84f41065ebceda13a3cd39c98989d14a1c67833dec56065c911221a49f
image-closure-symbols.txt	729c2aeace8d3512565a39b5b87323a15bfd4ea2c84a603758fc2d91e4b96322
image-hashes.tsv	e54c0cecf6b19d64705bd53e043712087a748e2b45f2981817c3be43e6e6ba88
input-hashes.tsv	f09fa73a6913497f3277205c5ac234d0380fc0695b22ec5e8850349d1316b7d0
metadata.txt	c5661eb75ec3487262cd6f4765d29c822999e10e769809c72ee3f1b7d438b748
required-evidence.tsv	aedaf3b0635287218a3650ea494565f830580e2ebd33c597a73c79c44f876ef7
run.log	91b841981bd4a3859328463ea7c0e2dea99ce7687c72077e6d5f8ccd87672a7c
