build/GiftUISemanticCore.swift.o	8f0b08e01eee83612e9e896eaf7772842b28deafc8b670f7597f9552938095d5
build/clang-cache/2R11VP5MF02B6/SwiftShims-1HKQZ1XPHECUE.pcm	e63876aa6303c07eed92df0cdd599528948880d684b7298eb4f0c1b546db3c83
build/clang-cache/modules.timestamp	e3b0c44298fc1c149afbf4c8996fb92427ae41e4649b934ca495991b7852b855
build/modules/GiftUI.package.swiftinterface	04f1a548235f6d154dc67e5128b24f47485303a93dbbd997a95bb4a0c5772a1c
build/modules/GiftUI.private.swiftinterface	637eca4d1d29d1a80f0525c1c22b38abb231c1291b60f03f205eb344885beb55
build/modules/GiftUI.swiftdoc	4056c4e7845f1fbf2e5e617944b3a68e55d9312db94e1017a68bf72aa875bddf
build/modules/GiftUI.swiftinterface	637eca4d1d29d1a80f0525c1c22b38abb231c1291b60f03f205eb344885beb55
build/modules/GiftUI.swiftmodule	8a6eeebf21befc341669ab19f4f8fbe255a6cd8d4afc34aa7edebe6fd5b7fad3
build/modules/GiftUI.swiftsourceinfo	e84707e9391b89477dc395c8141c9cc337a1275ae74107de8bcc81095cbe44f6
build/modules/GiftUISemanticCore.package.swiftinterface	6a6bf3b0fc3f440fcdb8a625c2b216e59dcc187847712fbbcab7c8c7d510050d
build/modules/GiftUISemanticCore.private.swiftinterface	7b1d433e83c8879ab053412969c823e37202e2bbb635b15ba66b09492e412f19
build/modules/GiftUISemanticCore.swiftdoc	baa7309b2cd9ce95c09fedc7b5038b02212d51ec4cad770f8f6103045845bc41
build/modules/GiftUISemanticCore.swiftinterface	7b1d433e83c8879ab053412969c823e37202e2bbb635b15ba66b09492e412f19
build/modules/GiftUISemanticCore.swiftmodule	9c120ec815b6faedcc2411e711b5b844a00f2b9a98ed66063ce7da00c7559687
build/modules/GiftUISemanticCore.swiftsourceinfo	9ab35c352c493bcff014a8274412bd36f4c3cbe3a82677e27f18a1613f1a346f
commands.txt	4f326f5c529d2dc61628f7916dc4e90ba00f8cb10691fe2a4951e50061b326cc
fixtures/action-associated-value/stderr.txt	8a04ebc75b376252a7bbc038b2a581bd53110f1d8ac5f9975929c869877a3df8
fixtures/action-associated-value/stdout.txt	e3b0c44298fc1c149afbf4c8996fb92427ae41e4649b934ca495991b7852b855
fixtures/action-uint16-domain/stderr.txt	e3b0c44298fc1c149afbf4c8996fb92427ae41e4649b934ca495991b7852b855
fixtures/action-uint16-domain/stdout.txt	e3b0c44298fc1c149afbf4c8996fb92427ae41e4649b934ca495991b7852b855
fixtures/action-with-content/stderr.txt	e3b0c44298fc1c149afbf4c8996fb92427ae41e4649b934ca495991b7852b855
fixtures/action-with-content/stdout.txt	e3b0c44298fc1c149afbf4c8996fb92427ae41e4649b934ca495991b7852b855
fixtures/action-wrong-raw-width/stderr.txt	6d4f6d20e5ca242c6e4a148b40962758017cf75ee277a5215d5c59e089c6cf07
fixtures/action-wrong-raw-width/stdout.txt	e3b0c44298fc1c149afbf4c8996fb92427ae41e4649b934ca495991b7852b855
fixtures/builder-conditional/stderr.txt	e3b0c44298fc1c149afbf4c8996fb92427ae41e4649b934ca495991b7852b855
fixtures/builder-conditional/stdout.txt	e3b0c44298fc1c149afbf4c8996fb92427ae41e4649b934ca495991b7852b855
fixtures/builder-direct-six/stderr.txt	7223c88825885e72f358e7f2d28abfc8f56c7d1d205cd44b88383f7e92deeb07
fixtures/builder-direct-six/stdout.txt	e3b0c44298fc1c149afbf4c8996fb92427ae41e4649b934ca495991b7852b855
fixtures/builder-dynamic-array/stderr.txt	076559db0b4c3314c540e0c928abed4c860803c4f59debbd1e782074aedf5ff2
fixtures/builder-dynamic-array/stdout.txt	e3b0c44298fc1c149afbf4c8996fb92427ae41e4649b934ca495991b7852b855
fixtures/builder-nested-six/stderr.txt	e3b0c44298fc1c149afbf4c8996fb92427ae41e4649b934ca495991b7852b855
fixtures/builder-nested-six/stdout.txt	e3b0c44298fc1c149afbf4c8996fb92427ae41e4649b934ca495991b7852b855
fixtures/builder-optional/stderr.txt	e3b0c44298fc1c149afbf4c8996fb92427ae41e4649b934ca495991b7852b855
fixtures/builder-optional/stdout.txt	e3b0c44298fc1c149afbf4c8996fb92427ae41e4649b934ca495991b7852b855
fixtures/builder-property-function/stderr.txt	e3b0c44298fc1c149afbf4c8996fb92427ae41e4649b934ca495991b7852b855
fixtures/builder-property-function/stdout.txt	e3b0c44298fc1c149afbf4c8996fb92427ae41e4649b934ca495991b7852b855
fixtures/builder-zero-through-five/stderr.txt	e3b0c44298fc1c149afbf4c8996fb92427ae41e4649b934ca495991b7852b855
fixtures/builder-zero-through-five/stdout.txt	e3b0c44298fc1c149afbf4c8996fb92427ae41e4649b934ca495991b7852b855
fixtures/external-custom-view/stderr.txt	e3b0c44298fc1c149afbf4c8996fb92427ae41e4649b934ca495991b7852b855
fixtures/external-custom-view/stdout.txt	e3b0c44298fc1c149afbf4c8996fb92427ae41e4649b934ca495991b7852b855
fixtures/external-invalid-conformance/stderr.txt	927d3d3872929196f1f00240886bd13b7c44dd073a525325033069bc3e76fd45
fixtures/external-invalid-conformance/stdout.txt	e3b0c44298fc1c149afbf4c8996fb92427ae41e4649b934ca495991b7852b855
fixtures/forbidden-failure-core-import/stderr.txt	2e85c50fd82f131367542ab4eba0cbc140f47e7d7cfbe79b8586cc12649af02e
fixtures/forbidden-failure-core-import/stdout.txt	e3b0c44298fc1c149afbf4c8996fb92427ae41e4649b934ca495991b7852b855
fixtures/forbidden-failure-execution-import/stderr.txt	740350ba3af7bf0ab1f018b6779baac00873106474329f11e014bcbe2692ed4c
fixtures/forbidden-failure-execution-import/stdout.txt	e3b0c44298fc1c149afbf4c8996fb92427ae41e4649b934ca495991b7852b855
fixtures/import-semantic-core/stderr.txt	e3b0c44298fc1c149afbf4c8996fb92427ae41e4649b934ca495991b7852b855
fixtures/import-semantic-core/stdout.txt	e3b0c44298fc1c149afbf4c8996fb92427ae41e4649b934ca495991b7852b855
fixtures/primitive-with-content/stderr.txt	e3b0c44298fc1c149afbf4c8996fb92427ae41e4649b934ca495991b7852b855
fixtures/primitive-with-content/stdout.txt	e3b0c44298fc1c149afbf4c8996fb92427ae41e4649b934ca495991b7852b855
fixtures/wrapper-initializer-access/stderr.txt	30bc6544ef428703a23691ac1cc349d837532ac66f0650ea36898fe3088dd59f
fixtures/wrapper-initializer-access/stdout.txt	e3b0c44298fc1c149afbf4c8996fb92427ae41e4649b934ca495991b7852b855
fixtures/wrapper-storage-access/stderr.txt	4e8a4c73b1ca7264c6ebbd6d7c7503eb33a254e91a6dbf80839dd1e2905342bd
fixtures/wrapper-storage-access/stdout.txt	e3b0c44298fc1c149afbf4c8996fb92427ae41e4649b934ca495991b7852b855
image-hashes.tsv	cd5138d40240a9ac1f5b388717c95d661ca2dfe134dcac46dd84501345e8d3f8
input-hashes.tsv	e4e48e37d8c767c75056a21420f40a4dad0098466980377e5c68ab14c0337452
metadata.txt	dd19400d6a2468bbfcd494ab0b59d3511f0e1c06e074400edfa0c4cca4dae016
required-evidence.tsv	b173f1080230901bf2bea0f0eea502f2dce4688c9a74812dc4c96e3b6f18ff98
run.log	3287f67ee920252db7ddbc4ddcc45c2f0691a5669826e38e4b84cf953c2edc4c
semantics/complexity.tsv	f430cea16d9d1887686b7a606611a8100382afda5eaf67d9525ae5a28c97bc58
semantics/dependency-surface.txt	3311644a8f808d70944faf841cb7b0d7db301bdc75a1e45db860cecc6d144f2f
semantics/layout-allocation.tsv	46ebaf0f62e2003351cb0c99d6d08006e76d8573edf1c33b37fd18fcbb51b067
semantics/layout-probe.ll	7fe9a905ffe3cf2127226438220aa0b60a7903d6234c4178719f380ced70c021
semantics/normalized-profile.txt	6e0c850b58ffe397f039d4c9bd27f9705d8a4cac19589eda8184226193655d30
semantics/semantic-core.sil	5337e4fa1f613be78998043729a734532ab1ba2f636c82d2805d93aa18ac15f0
semantics/target-abi.txt	c376d23b0ee201277deed2d5dd650053563bd07dab81be46c69b3a09fa41752d
