build.log	9ecdbd9e659b292544342ec86d6bc65dd1765345c30abab5256377e089ac78f5
commands.txt	54d2331435101a1b0aed78e0aff4950033d1e46c24ee178878d2ab26da3cd8d7
host-surfaces/external-package-access.stderr.txt	c0bb42d888c4a850f807fb284924b39bd19ef995543cd3adfb2dc7fd94e274a0
host-surfaces/external-package-access.stdout.txt	e3b0c44298fc1c149afbf4c8996fb92427ae41e4649b934ca495991b7852b855
host-surfaces/module-cache/1QGBFB8OQCMNZ/SwiftShims-2IMTS4WWRU7VJ.pcm	3f21088bbc55d4c9f19caf578f5fbba6a845ce3b8b6f8937df2f18f6576ee602
host-surfaces/module-cache/1QGBFB8OQCMNZ/_SwiftConcurrencyShims-2IMTS4WWRU7VJ.pcm	9d3bb7ec37419295656d7e38a0bde0d3c2419581d93bf57ffa82201ecdd6ade5
host-surfaces/module-cache/Swift-1IEYM950OGIQC.swiftmodule	ee90db3fa080943af416e114e3477145333bdb0b3ea6d06c2a4d1ff17e00629d
host-surfaces/module-cache/SwiftOnoneSupport-1TBU3EV6ADR6U.swiftmodule	a229aec502604f20f2cee839f11fffdaf721e9ef591cad15817b1af7d7d30abc
host-surfaces/module-cache/_Concurrency-2ADZMZE46FIUY.swiftmodule	d247076d41eeb76127fd4a1592abf8f9474d59f8156a5ff12f4ec79cc4cac8b2
host-surfaces/module-cache/_StringProcessing-1FL9YJ9FR6ZV0.swiftmodule	d6ffedbd94d29c2c74392a1ff437d117148c69d9dce9ccf0e708d20af627f211
host-surfaces/module-cache/modules.timestamp	e3b0c44298fc1c149afbf4c8996fb92427ae41e4649b934ca495991b7852b855
host-surfaces/non-sendable-activation-failure.stderr.txt	38612fb64d79e04733fd20cd83dfdb439719f06e770294f4b2dbf1dc6f13a3aa
host-surfaces/non-sendable-activation-failure.stdout.txt	e3b0c44298fc1c149afbf4c8996fb92427ae41e4649b934ca495991b7852b855
host-surfaces/report.tsv	299cf84ff6ed63ccaf90a1de4926a561bb7350510fc74a82132f36ce83bb5970
input-hashes.tsv	a3488972574da8aa10482607ce22dd7661c882fc8d7c17145380788567bf1a27
metadata.txt	403bfa6da6eac7b8d561a16c59cb3bf5131b8c9836d6b8c5798bfa605b71d455
report.tsv	c499a6a12f3935faaeca88035a8f015ea6d174cd7af34ac8c19cd6dc3dbb2b1d
run.log	7160fb119a4980418358e6fc6bc827fa061d026de27b8c7e37bf379fa75e7a46
semantic.tsv	9ba9585068270748e4434b419f173a31d57c87bd49ef405ded310c126e93c1d8
undefined-symbols.txt	3d5ba93ff941992ed3fd3d646bd6dcfa1658e650bfcc6961406a205c311fc7bf
