Package.swift	9ab02ff80ef2e5d4d60d025807acb050368234e76adb3acbd0862beef29cd84c
Sources/GiftUIExecution/AdmissionValues.swift	a7ca26cb96dedbd27f0e138186b1c154e0afd663c58ea1190a268d1aeeaccdb1
Sources/GiftUIExecution/ExecutionAdmissionController.swift	cf20c8e96e0b944f1a6d5da9544677d2cd94e75a83d1e10b5c6c1afddc3c2c63
Sources/GiftUIExecution/ExecutionAdmissionSealTransaction.swift	7a88abcca9f437db94ea1f647ae8fd5ec3dbed82bd629b739ba3446ef8cf67d0
Sources/GiftUIExecution/ExecutionAdmissionSealer.swift	54f3a7809c277a37cf8acfa931d62086ebc0ae1d3e77839ab6dcc28085885345
Sources/GiftUIExecution/ExecutionMutationBatch.swift	a0464225588b3101249112a88f404a3258ccb87e8d9eea5e56671a4975501567
Sources/GiftUIExecution/ExecutionOpportunityRunner.swift	1df0417977bd7184509f4dce111bb6682268326ab4b06c8f89e967c8500d96a1
Sources/GiftUIExecution/ExecutionPhaseMachine.swift	f2047c05efd5f2f2f7c96f57e3b20fd9b3826635c2fa922bdd1c0d81f545da34
Sources/GiftUIExecution/ExecutionValues.swift	eac8904fd800d7b17c1f4362e5a8c2384142683d5acd49f6712e3db645d69c98
Sources/GiftUIExecution/ExecutionWakeAccumulator.swift	856db20ee149c555a4d0c33731be4d69980486033592181187d8465b60ecf2d2
Sources/GiftUIExecution/FrameHandoffValues.swift	8eb1c0aa7c895fb50517e76ef9b4bd96568b2c2059b9a398c8f05486de0b87ba
Sources/GiftUIExecution/FrameOfferNormalization.swift	761740fdf6fb11cb54a52c2817d006ec75a9322e2c9a4351952f893711698a33
Sources/GiftUIExecution/IdentityAllocators.swift	8f9bab781054456d49e210b3700200f10abc7a47c1a2f85e3de6013d9f6a3e35
Sources/GiftUIExecution/InputSourceSequenceState.swift	b69a01de3871a80fa7b9f556bc7d93f12945c9edcc6569d00faa3569d963c5b3
Sources/GiftUIExecution/PointerActionCapture.swift	0acc1d5b8c8f9af3f0aa91959198917bc6868907622d785eab149dee7ceed6a6
Sources/GiftUIExecution/RecordingCandidateOfferCoordinator.swift	66b7d07d657785ba0ebf9fbc46c3b1d983b715cf45d4a7dd27d46b856fecff23
Sources/GiftUIExecution/RecordingCycleCoordinator.swift	ccfffb285dde8e73132ddba6a32fab791eb488b673b316c09b397d10d292a620
Sources/GiftUIExecution/RecordingCycleFinalizer.swift	bc9318cd92c095b9473878c575996b8b0b1e500faa3cbf121df1ba774673ffc3
Sources/GiftUIExecution/RecordingDerivationRecovery.swift	e71108078104eb3f294bad9231ee819c3ec77cf11b0c059d3d670a9c95fbef35
Sources/GiftUIExecution/RecordingDerivationTransaction.swift	380f3d5ec84f4ab6e45aa1e6054677b3080105fb7c445f79cc3ee6b9558e5bca
Sources/GiftUIExecution/RecordingFocusedFailureSelection.swift	c2f005577a0a33d1d46c74d77836ec5ef03857d5716523d8cf6f4ef07a32fb8f
Sources/GiftUIExecution/RecordingFrameCommitTransaction.swift	2cf669bd232c7310fc9650d33ccc242fc717b1071877d8a1b2dcbce32ee7e7c8
Sources/GiftUIExecution/RecordingFrameEndpoint.swift	43b75fbc4d7ff5a09db83693f6e557f7256bf62960ed3ab2f4c37f4caca5f849
Sources/GiftUIExecution/RecordingMutationBatch.swift	229c26f04e85f737a0c6f41d7bbd76eb9c33ff0955bfa878d70bcf8f2984ff39
Sources/GiftUIExecution/RecordingPresentationPendingCoordinator.swift	4cf681dff108457201638195c68d0a1fc8f33471b614cb9614d3da61e616acbb
Sources/GiftUIExecution/RecordingPresentationTerminalRecovery.swift	c163ff5b21c6a9f920b4b70c0d150403ccd2900c20c212be04d2985be90c53d0
Sources/GiftUIExecution/RunCycleValues.swift	4ce7d6c7932e3da3b74d35bb78b946dd1fd8249b3f1e41e5985af9a92bd66cd1
Sources/GiftUIExecution/WakeValues.swift	915e835c62177403893bf44318b0d06ded8e017e59ba4f1e11d9f333505275f6
Sources/GiftUIRuntimeDynamic/DynamicRuntimeExecutionCoordinator.swift	152528180ec6c60c339fccbdbd4ab5761a7872579df929c030548bf48750fe04
Sources/GiftUIRuntimeStatic/StaticRuntimeExecutionCoordinator.swift	ccd0c016221157d381ec68d72bb3c3d01fc539d4e5c2df34aeddc33676ca7801
Tests/ContractFixtures/SPEC002/target-dependencies.yaml	be58b3aef60dd71395944cd0e7065005490d0f3dd83f89ec7c0ef5580f73f3e8
Tests/ContractFixtures/SPEC003/target-boundaries.yaml	b2f896864429aa32b17f4fbf412416b4ebb3dac27209690c923d387c998148b1
Tests/ContractFixtures/SPEC004/Fixtures/Negative/forbidden-execution-import/expected-diagnostic-patterns.txt	64235700e36a26404dafefd33f27d733b31c1dd44acc6746a88fe77c420507f9
Tests/ContractFixtures/SPEC004/Fixtures/Negative/forbidden-execution-import/main.swift	f86372933cf1503bd626d5c2877852cd7689f51c74e5ff966af60ac3184aa7e9
Tests/ContractFixtures/SPEC004/fixture-manifest.tsv	8da085197a69073ab797ff032388b190bd99c431aa186347df60b9a61e286838
Tests/ContractFixtures/SPEC004/target-boundaries.yaml	b3643f2cc12be0fb4143e7f3a13be92f7f7d3b03d82ce52b7a813f809aa558a2
Tests/ContractFixtures/SPEC005/target-boundaries.yaml	cc1d7858ec2f6995bd18eaf0c54fafc56e55d3507c64e8caf23f65ceef64051b
Tests/ContractFixtures/SPEC009/Evidence/milestone-0/contract-driver.md	43a4965db57114c9977fe27e8d82d45040b4a10a830230ceaceaf1a55774226b
Tests/ContractFixtures/SPEC009/Evidence/milestone-0/execution-failure-target-graph.md	61dbfd68e41f2ac1086ab7c6880a1dbbb20f73cdb7b8dba7fed149d86b9420cc
Tests/ContractFixtures/SPEC009/Evidence/milestone-0/fixture-schema.md	d29bc5a8d692524d482296f078e42c1c29b34c2c7b2713ff379da7be946ddb21
Tests/ContractFixtures/SPEC009/Evidence/milestone-0/migration-baseline.md	d9ac08f9f664eb098bc329d619c6112878492dbda299ab784bf22f75c4daedcb
Tests/ContractFixtures/SPEC009/Evidence/milestone-1/admission-values.md	6d41f7a2f969a62d4f6c9dd48cb225f58b0b948ddf33d61092fdfb287d4f569b
Tests/ContractFixtures/SPEC009/Evidence/milestone-1/execution-value-surface.md	9e9482281ff300cd30c74ae6a6a68e56cacc64203ae7c3b267a177cf63df1183
Tests/ContractFixtures/SPEC009/Evidence/milestone-1/execution-values.md	783acc4f40fde6d94b26654bee088f3e59250abf71ce06b07df80709244f83f9
Tests/ContractFixtures/SPEC009/Evidence/milestone-1/frame-handoff-values.md	bf451cc79bde86a6dcf2687a6d47394c6ae1482f1d9565115823288abb3a2427
Tests/ContractFixtures/SPEC009/Evidence/milestone-1/run-cycle-values.md	82970c4b122a2656304d4edbe5ccc274742580eec4abd590089bcc7e8f8dbfdf
Tests/ContractFixtures/SPEC009/Evidence/milestone-1/wake-values.md	68981016d8126d48f266bfaef5225169acaba328e510b580f3dc53c064f0d64f
Tests/ContractFixtures/SPEC009/Evidence/milestone-2/checked-identity-allocators.md	cd183bbcbc116bb0d01e369ec74b7be58219841540551ac5ef93348e77dd61c3
Tests/ContractFixtures/SPEC009/Evidence/milestone-2/phase-machine.md	cac0853a0bb6e6646cf665c778aa65be4f60d1edbe0cca3da09e6a21df40585e
Tests/ContractFixtures/SPEC009/Evidence/milestone-2/reservation-ordering.md	948c11e57e4e37e2c1e01fc9669cb6da6bcbd39aa84e1362fad0267548400fee
Tests/ContractFixtures/SPEC009/Evidence/milestone-2/summary-validation-matrix.md	85f0798099d627a286ef6a6a722fe470b4a0bfbfe38e46c034097df3e9d18509
Tests/ContractFixtures/SPEC009/Evidence/milestone-3/admission-controller.md	fe14c7f12fda56a26a34ae49c47bdec881fd565fee4e079b68c255ca73422b95
Tests/ContractFixtures/SPEC009/Evidence/milestone-3/admission-seal-faults.md	10b059dd234bcaf25fcf437250ebfffd4f791beb975e1af9a5ba6ee8392b33ca
Tests/ContractFixtures/SPEC009/Evidence/milestone-3/admission-seal.md	76adeebbf81f5217ab459941dc923565d6deb36c96bb2a7ebadf3591d3bef174
Tests/ContractFixtures/SPEC009/Evidence/milestone-3/input-sequences.md	b5f2a47d8200642e1092e6b615a8e10f6f9c4875b3269be0838c0d2f7656102b
Tests/ContractFixtures/SPEC009/Evidence/milestone-3/pointer-capture.md	eae673c491315510da9d4db4c9050ff612a36cf70320d9d55454b270f0161d26
Tests/ContractFixtures/SPEC009/Evidence/milestone-3/wake-accumulation.md	3e665ccdc85a97c56adb573ffcf98c93ceb3e3cd3fa7d85f17ab362f0703a581
Tests/ContractFixtures/SPEC009/Evidence/milestone-4/cycle-finalization.md	0077f45a776347c11e1bfb63618c6b9ad76d88dc35e12ece8cd45f3f8065561a
Tests/ContractFixtures/SPEC009/Evidence/milestone-4/focused-owner-failures.md	5ee305538af739dc4b501f55476adafd6f73a7194680a4de29c4764c5df5268e
Tests/ContractFixtures/SPEC009/Evidence/milestone-4/recording-coordinator.md	2ffee1f704965e3f1ee63074c048048455f84574cff661a293261fd32ec69155
Tests/ContractFixtures/SPEC009/Evidence/milestone-4/recording-derivation.md	860e9bdbcffe377268539ba2a7fdd80f19e0d04c8464af195f07ccd80941dc39
Tests/ContractFixtures/SPEC009/Evidence/milestone-4/recording-mutation.md	e8ae2c7790789ca8d10ea605e148c1109392c12143582297194b90396732698a
Tests/ContractFixtures/SPEC009/Evidence/milestone-4/recording-recovery.md	97f9937c9f907dc5c48dee30b683ba8f88d6c9a6af9e50008506a8d44980f9b4
Tests/ContractFixtures/SPEC009/Evidence/milestone-5/candidate-offer.md	a6cf716e860437f18421f9cf3dcbc2d192d905ba6efa42d40c8ee24b831fa909
Tests/ContractFixtures/SPEC009/Evidence/milestone-5/frame-commit.md	61015dea85b258aa2c162ebcc27f2257b4555843a4ffbfd8ce138f4357b223f7
Tests/ContractFixtures/SPEC009/Evidence/milestone-5/offer-normalization.md	e94489454d663b41dbc4cb8b988ecad188d42c8e4efd8e9ab1de4c7735bce439
Tests/ContractFixtures/SPEC009/Evidence/milestone-5/presentation-pending.md	5371bcd1c938b053e4acf9963d44fe745e78a112e427a701af8e0230ce8d093b
Tests/ContractFixtures/SPEC009/Evidence/milestone-5/presentation-recovery.md	728d4123c948929b97a3776b1b1271c41fee031d03a370824aceab76cb230909
Tests/ContractFixtures/SPEC009/Evidence/milestone-5/recording-endpoint.md	a31013f6ed11edc60725d13ffe6f642b64f8c75ce559bc745899267da2551097
Tests/ContractFixtures/SPEC009/Evidence/milestone-6/diagnostic-isolation.md	9f74b810c2c323f00472cf88d7fc8aab96a8c7dbfc71ce9647d9e436ba7ea75c
Tests/ContractFixtures/SPEC009/Evidence/milestone-6/execution-failure-adapter.md	d8d1aca57f1f2ae31e14b690b4e9ed7f1f53fa36d4fc58529e60a9a983d4aeb2
Tests/ContractFixtures/SPEC009/Evidence/milestone-6/focused-owner-adapter.md	d87d46dfb2c34af98acce84c8b0da654b03b3b4154d19cf5efa1b5ce53bd5bb2
Tests/ContractFixtures/SPEC009/Evidence/milestone-6/operational-mapping.md	6c31ee82c5a0a01994944ed77e1026c2a26cf6f368c77dce1022d96140a8830d
Tests/ContractFixtures/SPEC009/Evidence/milestone-6/render-offer-mapping.md	4d6b1d775f1475948221e1f117232461dc498c845476f74e31373e404f7e2974
Tests/ContractFixtures/SPEC009/Evidence/milestone-7/canonical-loader.md	dfd3781d59f1a8794335fcfa8b831962518121a050268e64fd101a981bc2efea
Tests/ContractFixtures/SPEC009/Evidence/milestone-7/cycle-input-corpus.md	603d1eb4b1e7f20adcb1f37333cb8e3910875516fb9cf050feedead91748e195
Tests/ContractFixtures/SPEC009/Evidence/milestone-7/handoff-corpus.md	ec7d24f997a5a798ad0d6e363cf8675723448e61da83ad9a542e5c4b8a989397
Tests/ContractFixtures/SPEC009/Evidence/milestone-7/owner-instrumentation.md	1d1a9d611509ac0099a01ed0517a01686363d9892de695a26de3b78002ab0fdd
Tests/ContractFixtures/SPEC009/Evidence/milestone-7/recovery-signal-corpus.md	e78e23a20e0a5c9ac2d95c7c5eba678e560c80836b851b113a36a811ef236a0b
Tests/ContractFixtures/SPEC009/Evidence/milestone-8/four-profile-checkpoint.md	51b944bb7c9f326216eec5e0ed7f04af3b4208afd0377cdda1e611653a1a2617
Tests/ContractFixtures/SPEC009/Evidence/milestone-8/four-profile-drivers.md	c4cde93a6297735ef9eebe0048a32c76841d15fa739dcff6ddf7cf498c896921
Tests/ContractFixtures/SPEC009/Evidence/milestone-8/interface-audit.md	b1629f7022af750b761faaad781aa03735cdc66b862b5f8c7685d39ebd2e5ba5
Tests/ContractFixtures/SPEC009/Evidence/milestone-8/owner-integration-status.md	e43576ad4e1bb279044381a9f2df3faea52f8fd9b88eb72d7efb58c79693704a
Tests/ContractFixtures/SPEC009/Evidence/milestone-8/production-resources.md	b8610cccdfe9b77600d94cfcb073e75df629c0623ab527fb59bddda31495415a
Tests/ContractFixtures/SPEC009/Instrumentation/ExecutionResourceProbe.swift	8f216f8707fffdd718e8a6e3715596b7249504ee09e78346adbb8f44882e9e70
Tests/ContractFixtures/SPEC009/Instrumentation/ExecutionValueLayoutProbe.swift	7fd9a14a0a0eef4b428344e3c1287661959daf13e1346fb4382eb550eefc7960
Tests/ContractFixtures/SPEC009/README.md	49562d6cef3ba720d9023a6e58e39374b7cde787a361a5a2ba83127851838d09
Tests/ContractFixtures/SPEC009/cycles.yaml	3d840f784a314e3240a3d5ba99bac48035dd6ad5bccd06e768704848fc636012
Tests/ContractFixtures/SPEC009/fixture-manifest.tsv	780547c3e351ccba4a2d6fda58ccf31e5ee2cad0600467b3236ef03a8d91d2a4
Tests/ContractFixtures/SPEC009/handoff.yaml	487dc74534d28fa08b98d3210585025ceb92d365fecc0e08502ef2e615a7a405
Tests/ContractFixtures/SPEC009/identity-rules.tsv	ebd332681277bde426f91bd4a0c3065805c23b267daa079a98917887e2ef50b3
Tests/ContractFixtures/SPEC009/input.yaml	b160ec1ced9b45bb9048dc95f1ed41fe01beeff85fc9ce771cdb21b7573482d6
Tests/ContractFixtures/SPEC009/instrumentation-fields.tsv	7b24e77180e1756030bcf34046e6739931d1c81345bfda2e117f2a6ec4aa59f1
Tests/ContractFixtures/SPEC009/integration-owner-status.tsv	6b19b44a4bc36e3c959caa0e172bc32fd7dcdcff841bae0a89e8335119c2a0fe
Tests/ContractFixtures/SPEC009/migration-inventory.tsv	e21a7d84664c01bdfc3b1f927ff5e2aea9d4b0a542c4b15c83823e8be3fba457
Tests/ContractFixtures/SPEC009/normalized-schema.tsv	89b30d38615d07b6b7e7d0842ebce748e1da3d54d90eb5fd0f287b94f0a2183a
Tests/ContractFixtures/SPEC009/owner-failures.yaml	43f7503f5324d9da60f0a4f3d5f6a70630ebb5a55dd8da319992c87c69f03a49
Tests/ContractFixtures/SPEC009/phase-vocabulary.tsv	f5ab3672460f1fdcf7b15c4cba07533a79771a4a3371b9cc5962d54eccd06558
Tests/ContractFixtures/SPEC009/recovery.yaml	d4f31837f56e21e44e6c555bef30b45cdae74e95f2c2ad5d69e6698ecf2cb355
Tests/ContractFixtures/SPEC009/required-evidence.tsv	fee52f3fae107a789a3541490517ae082603dbf4cd4c0de7369ea2f01c267efb
Tests/ContractFixtures/SPEC009/shared-fields.tsv	418a3c1c5a0d052bebae442f4ab797d2f483240b8e4b1d333066229706745338
Tests/ContractFixtures/SPEC009/signal-analyzer.yaml	31a3cd58383572da5644d6f83fbdcd25ccf48812d07c3c1bde378d54f1836269
Tests/ContractFixtures/SPEC013/Evidence/milestone-6/storage-boundaries.md	c6a0323f0105116584f63dc16c371044af2dc730bafc4d5c6c123d507bfc6524
Tests/ContractFixtures/SPEC013/Evidence/milestone-7/target-inspection.md	4f13a5228193c5aa9220f1c51520880611123c029f3345799a02c2a09c998456
Tests/ContractFixtures/SPEC014/downstream-consumers.tsv	3cea4e9b8c9bc1b78d3191b964c931b833a3e6d3a094a707fef154ac5231cf1e
Tests/GiftUIExecutionTests/AdmissionValueTests.swift	60e04483d5afa050978db58ba7b37d9651ad0538ed476aed20bb61cf27b37e85
Tests/GiftUIExecutionTests/ExecutionAdmissionControllerTests.swift	828eb74481c395ada188ee7d76c880385814624e9300540082fabc67c0708c30
Tests/GiftUIExecutionTests/ExecutionAdmissionSealTransactionTests.swift	50211fec58c5157cc0ebd0ca5211f7f60b33fbb0a37d5f531710347456f5baba
Tests/GiftUIExecutionTests/ExecutionAdmissionSealerTests.swift	2bd0521661758bde80b0aa4560a04a2ed743075354e8dbef16b2d451e0f63fc2
Tests/GiftUIExecutionTests/ExecutionPhaseMachineTests.swift	7523b690ea01d598bcaba74a641de1da3e5a1d4d24977f87611f5984f8225183
Tests/GiftUIExecutionTests/ExecutionValueTests.swift	1dc471a10c063c5d6cb6f431b8b4f54fa67e7e88a3080c092ef67d839bc41d3e
Tests/GiftUIExecutionTests/ExecutionWakeAccumulatorTests.swift	49437cf58e89bffa73484193fdc52a3dc6a8723640b1e78255011b85426800b7
Tests/GiftUIExecutionTests/FrameHandoffValueTests.swift	35765a54d36b416f52a1cccca20ff378e3999d456b86267eb060d3b426b0efea
Tests/GiftUIExecutionTests/FrameOfferNormalizationTests.swift	b6dfee011a02e860f6f0d40b0ac0919fce65f8f16b3f457d318ea3709632f9e7
Tests/GiftUIExecutionTests/IdentityAllocatorTests.swift	1a195a315aca5268d5cca4a1ccf8d2c53ed0507781c51a6bf3e5d9f3340e820a
Tests/GiftUIExecutionTests/IdentityReservationOrderingTests.swift	737ed9ab821b5759aa97163c3b4b9b168aefaefa0be166c3556fbc1df8d765c3
Tests/GiftUIExecutionTests/InputSourceSequenceStateTests.swift	842b9ae05164af69392bdeedcd105b04f8caa1f1533deaef4c9b3d33436f97a1
Tests/GiftUIExecutionTests/PointerActionCaptureTests.swift	caf0aa80eba2894c7aa5c3f57838c27999d969af4f26360a7326e8e59397f8d2
Tests/GiftUIExecutionTests/RecordingCandidateOfferCoordinatorTests.swift	e1cf7d2af3a922a2dfcf51f10f8ba9b0c28dffa63637d5e593faacf379c054aa
Tests/GiftUIExecutionTests/RecordingCycleCoordinatorTests.swift	7c4f275fffdbd24ccb9356cb5df6be117b3aea6a2d3238286830e816f1965f54
Tests/GiftUIExecutionTests/RecordingCycleFinalizerTests.swift	2f53bb9c00752d9d79c9ffcb1399176736f26d63f5d0062bd82acfc62a3ba38d
Tests/GiftUIExecutionTests/RecordingDerivationRecoveryTests.swift	3ef188b07b19ac99595bd03126021b513ef9d5c7ca0bf0c8d69b6988895f274d
Tests/GiftUIExecutionTests/RecordingDerivationTransactionTests.swift	17c84bb217e21d53d0cfdddc72f41f966548dbbd2047eed692b013067d18fec5
Tests/GiftUIExecutionTests/RecordingFocusedFailureSelectionTests.swift	7a68e94117dc38b93978a0106393edc70ab96b18e9c737dc173a491e72dcc503
Tests/GiftUIExecutionTests/RecordingFrameCommitTransactionTests.swift	2c16375b23b99db4c4c5560e303074b2e97c8419d6b5e9085e566fcd53bfb695
Tests/GiftUIExecutionTests/RecordingFrameEndpointTests.swift	d268f7ff3db83f5bcd0363160d20b6950036883e23e13f717e437ebf93dc5775
Tests/GiftUIExecutionTests/RecordingMutationBatchTests.swift	f8506d7fe6cb981283d8671266aa9371c9d0d7e98f0a9ee54e0b97bf07663b2a
Tests/GiftUIExecutionTests/RecordingPresentationPendingCoordinatorTests.swift	817d95aa653325f4b04dd28761c0cf93fcac7e84ea43581da19504dd037ed190
Tests/GiftUIExecutionTests/RecordingPresentationRecoveryMatrixTests.swift	53013bb9e41a2cddd13c5cfa7402b549e64bee708f2171f7d7d60e16ea04805f
Tests/GiftUIExecutionTests/RunCycleValueTests.swift	00e785b9acdf02937bb2563039cb454a15dad098e3a8ab8149ba471a88bccd53
Tests/GiftUIExecutionTests/SummaryValidationMatrixTests.swift	b4fb37b7bd4434dbda1dbf104b7e2880d434085c38ed94af436c93dedd58f764
Tests/GiftUIExecutionTests/WakeValueTests.swift	1cd9d630d6d15e5b45a8fcb66c293b238f302ba03875a2ebbf388c203e43c4e8
scripts/contracts/check-spec-002-boundaries.rb	a4ecdc22e13641f6858b942540598ff366add5dcf1a751fbbd4501a016caa6e7
scripts/contracts/check-spec-003-core-boundary.rb	737db8a621fe5eebe9a906bd8f596234d639be7c56edfad11c47e2bb6358fa3b
scripts/contracts/check-spec-003-dependencies.rb	9eefb613916dc3e110d8325c32abaf4a946b2add0035a1eeab10254ccd4cc6d4
scripts/contracts/check-spec-009-admission-controller.rb	e5fc214ea8ad062c9c65a808f054cbe2a1b74d30823348354bef0e59697470ef
scripts/contracts/check-spec-009-admission-seal-faults.rb	6505b531630de2f7dd7cdac5735d50bfad80a6a9029d26cba6ee48853312765f
scripts/contracts/check-spec-009-admission-seal.rb	9d637f97a7d3ccb16db962c287c250de5a2a5543f2d4ec34d9d65b3732e95839
scripts/contracts/check-spec-009-admission-values.rb	679d30cf842a4316c28f75fc4e694aaef97957ac38e53a2dd76f685a9317b018
scripts/contracts/check-spec-009-candidate-offer.rb	c89021bdc9f08a5c04b9a29d671bddf7fb39e8eb31519294df03d18409f1bd49
scripts/contracts/check-spec-009-canonical-loader.rb	696b9ac7902c98e55944833583b632f8258737d86c1740603c35d46418ff35b8
scripts/contracts/check-spec-009-cycle-finalization.rb	688ff0cbe04332522568e821de0e81f7d6c2866879a389884edfc2183c9e0aee
scripts/contracts/check-spec-009-cycle-input-corpus.rb	2756600c02cd774f4bb041bfc6966524c55fce3be7a1b53cf23cc2e8240f8253
scripts/contracts/check-spec-009-diagnostic-isolation.rb	9bd0e1b9dfd4c036d44594f4e1fd80c4fffbe347623bd1ce5151653e167fbbdd
scripts/contracts/check-spec-009-execution-failure-adapter.rb	8bad8eb5e9fef38c6ccb6d643323a47af87365a649ac4b791965a31f69754e2f
scripts/contracts/check-spec-009-execution-values.rb	53e033654f6ac43e78a8c7a3b3055fa6e29104d334f6815714c18156ce50f476
scripts/contracts/check-spec-009-focused-failures.rb	395acbd6e20a48ed7bad6990c6314007a4032dfa938fe3542a92273d32a5bf68
scripts/contracts/check-spec-009-focused-owner-adapter.rb	6d2a7b975b0d340d1d0e141def3ddb69934a526354dd92169db2ad08b69b4dac
scripts/contracts/check-spec-009-frame-commit.rb	fa77858ab1909163814f0086116af3beb331f1b30bc11c555b819efcf9cab7da
scripts/contracts/check-spec-009-frame-handoff-values.rb	951061079d44a39d57aea54cf89430205506813ab1cefac09911f7d66bca6523
scripts/contracts/check-spec-009-handoff-corpus.rb	c8ab27e62a85cc7f2fa6961fcfb0c3b8a3eb1896694bf98aaf887ef0c9aa9f93
scripts/contracts/check-spec-009-harness.rb	1547f0287fb88e00436b58f9979f053362ad464435ed91008bf0c39915c58cce
scripts/contracts/check-spec-009-identity-allocators.rb	718e9ad745426f54d0b65e42752bb3faa42f159f3e6212195da0610137912698
scripts/contracts/check-spec-009-input-sequences.rb	7097cc75c8d07456b8b150211e9e336f875f63214450c777ba4bfc1fa38cb846
scripts/contracts/check-spec-009-interface-audit.rb	29ac9c3c834f7614c23e180aa97b96ab0ecf3cacbcd8dc70c4ef1803c352162b
scripts/contracts/check-spec-009-migration.rb	0e4a1dbaf13699e3562779e762340089e49f4ea156710702c0d843aa8a92a532
scripts/contracts/check-spec-009-offer-normalization.rb	be5b601dda665da30090b8309a03fb593acef7fcab052c8501eb2d4cc124bd71
scripts/contracts/check-spec-009-operational-mapping.rb	2f90f51fd448267826aee0362d20e0174221dc425321ce6d225c3b2956f2283f
scripts/contracts/check-spec-009-owner-instrumentation.rb	28b40fa91953e9b818e0e6ed4451f44f4d8d9ec25d5f36ccc0429e5832cf97af
scripts/contracts/check-spec-009-owner-integration.rb	f357cfa7877a287fc6d83f73302eaa0e26785e4847c254503099c2641ddb1231
scripts/contracts/check-spec-009-phase-machine.rb	2b2ebdaf2f0215f7c50b1c47770bc6f709f6e9c58a27340f7b95c6c1f3af0319
scripts/contracts/check-spec-009-pointer-capture.rb	e28d41c36d26be495fdef2632574a5b345a9c7f717cc81474659cdcaccacf86e
scripts/contracts/check-spec-009-presentation-pending.rb	0c895cc60ed2e532723965ce9bd78bc93270217fbd72b6db1dfec9eecec5461e
scripts/contracts/check-spec-009-presentation-recovery.rb	9c55e626befc5a67de4295c3119cc7a0304503449c3ca5ed895b424180081bbc
scripts/contracts/check-spec-009-recording-coordinator.rb	312a42eb3f430785d1716a6e4ae86b7576fc0d3e8bcf5dd1cac803e9c70f4738
scripts/contracts/check-spec-009-recording-derivation.rb	b4a69267a0e65fc7541ace0e7414cb795dc4cd72592f43fa4b5e4d4432a9a2ca
scripts/contracts/check-spec-009-recording-endpoint.rb	b714c2b3b1fa8373c12c4673e89039a0fa07ab6f00be7d0919757f376c85aa89
scripts/contracts/check-spec-009-recording-mutation.rb	8eaee1b3865a82aae962366fa6a60464d73f1dc1d31f3afaffda17c054612a46
scripts/contracts/check-spec-009-recording-recovery.rb	8ec237621b008ca166e24b5f337295ed9c759567d6092d0f17d6d04faa043a08
scripts/contracts/check-spec-009-recovery-signal-corpus.rb	e40683175e270493232a3f80cfcaebf7ca282ca031af67af254b71561b572b90
scripts/contracts/check-spec-009-render-offer-mapping.rb	0dd9f6b62cab71b6153c5b96ef9cc9f77e0d296dc454648afcce18a912b0058f
scripts/contracts/check-spec-009-run-cycle-values.rb	6a9426651a309dc524f14cec0fa5d685d3425ea84f4107486a75d5e715314224
scripts/contracts/check-spec-009-value-layouts.rb	d863ee52ef94343821e0583c7da720df3a4ecaf0ec17d5d41621379a4d87d8c0
scripts/contracts/check-spec-009-value-profiles.sh	42d3d3c648a56d7e202d956ae1d3778d17ca62767eb68ca10327d88fa206b133
scripts/contracts/check-spec-009-wake-accumulator.rb	de98f98e60e417764bbfd9756bf83c2c727b676eaacb1700588a99e7354878ed
scripts/contracts/check-spec-009-wake-values.rb	3f6433844f35e24def5d5b5c83b67c6cfce09ea2332291b7c6f57d53d5f623f7
scripts/contracts/check-spec-013-storage-boundaries.rb	30bc8f9927a74ec95a4ad2878a8c663c137974747e8064f21c64ae0c0cdb29e5
scripts/contracts/check-spec-014-module-contract.rb	a0ae1472b08167ac306e319b5a9d92291c96af0a65959b3d69bb014056c7ce8e
scripts/contracts/driver-registry.tsv	adc249c867be88f2dd6106cf740bb2f7e75476f90ef79a3b8061951539e5a24b
scripts/contracts/publish-contract-report.rb	0a48c42e7bc66d2ce562f9b6bbed4984e6876b2e29d633d779c6a11ff16f7bfb
scripts/contracts/report-input-identity.rb	b362ea189338a40f961a797c233c0d18085af4955939ee63afe4302604ad6ad8
scripts/contracts/run-spec-009.sh	94c74a61eb747c92f4fbb4d1f4dcdf37f30a554da00a1cb6f40ae91c7b39bedd
scripts/contracts/verify-contract-report.rb	1a00883ed205e0d5244d73c719d9f3ac72ab2524fc441e262459401cbb0fc6e0
