spec	criterion	spec_path	spec_sha256	report_path	report_sha256	historical_recorded_status	limitation
SPEC-001	SA-AC-001	docs/specs/spec-001-signal-analyzer-reference-application.md	9b2d5b53904376adc4f22188d483ae921181d793e8c2b6fee5609738dc4912eb	docs/conformance/spec-001-conformance.md	693654921b7895efa49d8945afac41f5d5885a95273b890557ff5dc685d3786e	pass	recorded table text only; current disposition and evidence not validated
SPEC-001	SA-AC-002	docs/specs/spec-001-signal-analyzer-reference-application.md	9b2d5b53904376adc4f22188d483ae921181d793e8c2b6fee5609738dc4912eb	docs/conformance/spec-001-conformance.md	693654921b7895efa49d8945afac41f5d5885a95273b890557ff5dc685d3786e	pass	recorded table text only; current disposition and evidence not validated
SPEC-001	SA-AC-003	docs/specs/spec-001-signal-analyzer-reference-application.md	9b2d5b53904376adc4f22188d483ae921181d793e8c2b6fee5609738dc4912eb	docs/conformance/spec-001-conformance.md	693654921b7895efa49d8945afac41f5d5885a95273b890557ff5dc685d3786e	pass	recorded table text only; current disposition and evidence not validated
SPEC-001	SA-AC-004	docs/specs/spec-001-signal-analyzer-reference-application.md	9b2d5b53904376adc4f22188d483ae921181d793e8c2b6fee5609738dc4912eb	docs/conformance/spec-001-conformance.md	693654921b7895efa49d8945afac41f5d5885a95273b890557ff5dc685d3786e	pass	recorded table text only; current disposition and evidence not validated
SPEC-001	SA-AC-005	docs/specs/spec-001-signal-analyzer-reference-application.md	9b2d5b53904376adc4f22188d483ae921181d793e8c2b6fee5609738dc4912eb	docs/conformance/spec-001-conformance.md	693654921b7895efa49d8945afac41f5d5885a95273b890557ff5dc685d3786e	approved exception	recorded table text only; current disposition and evidence not validated
SPEC-001	SA-AC-006	docs/specs/spec-001-signal-analyzer-reference-application.md	9b2d5b53904376adc4f22188d483ae921181d793e8c2b6fee5609738dc4912eb	docs/conformance/spec-001-conformance.md	693654921b7895efa49d8945afac41f5d5885a95273b890557ff5dc685d3786e	pass	recorded table text only; current disposition and evidence not validated
SPEC-001	SA-AC-007	docs/specs/spec-001-signal-analyzer-reference-application.md	9b2d5b53904376adc4f22188d483ae921181d793e8c2b6fee5609738dc4912eb	docs/conformance/spec-001-conformance.md	693654921b7895efa49d8945afac41f5d5885a95273b890557ff5dc685d3786e	pass	recorded table text only; current disposition and evidence not validated
SPEC-001	SA-AC-008	docs/specs/spec-001-signal-analyzer-reference-application.md	9b2d5b53904376adc4f22188d483ae921181d793e8c2b6fee5609738dc4912eb	docs/conformance/spec-001-conformance.md	693654921b7895efa49d8945afac41f5d5885a95273b890557ff5dc685d3786e	pass	recorded table text only; current disposition and evidence not validated
SPEC-001	SA-AC-009	docs/specs/spec-001-signal-analyzer-reference-application.md	9b2d5b53904376adc4f22188d483ae921181d793e8c2b6fee5609738dc4912eb	docs/conformance/spec-001-conformance.md	693654921b7895efa49d8945afac41f5d5885a95273b890557ff5dc685d3786e	pass	recorded table text only; current disposition and evidence not validated
SPEC-001	SA-AC-010	docs/specs/spec-001-signal-analyzer-reference-application.md	9b2d5b53904376adc4f22188d483ae921181d793e8c2b6fee5609738dc4912eb	docs/conformance/spec-001-conformance.md	693654921b7895efa49d8945afac41f5d5885a95273b890557ff5dc685d3786e	pass	recorded table text only; current disposition and evidence not validated
SPEC-001	SA-AC-011	docs/specs/spec-001-signal-analyzer-reference-application.md	9b2d5b53904376adc4f22188d483ae921181d793e8c2b6fee5609738dc4912eb	docs/conformance/spec-001-conformance.md	693654921b7895efa49d8945afac41f5d5885a95273b890557ff5dc685d3786e	pass	recorded table text only; current disposition and evidence not validated
SPEC-001	SA-AC-012	docs/specs/spec-001-signal-analyzer-reference-application.md	9b2d5b53904376adc4f22188d483ae921181d793e8c2b6fee5609738dc4912eb	docs/conformance/spec-001-conformance.md	693654921b7895efa49d8945afac41f5d5885a95273b890557ff5dc685d3786e	pass	recorded table text only; current disposition and evidence not validated
SPEC-001	SA-AC-013	docs/specs/spec-001-signal-analyzer-reference-application.md	9b2d5b53904376adc4f22188d483ae921181d793e8c2b6fee5609738dc4912eb	docs/conformance/spec-001-conformance.md	693654921b7895efa49d8945afac41f5d5885a95273b890557ff5dc685d3786e	pass	recorded table text only; current disposition and evidence not validated
SPEC-001	SA-AC-014	docs/specs/spec-001-signal-analyzer-reference-application.md	9b2d5b53904376adc4f22188d483ae921181d793e8c2b6fee5609738dc4912eb	docs/conformance/spec-001-conformance.md	693654921b7895efa49d8945afac41f5d5885a95273b890557ff5dc685d3786e	pass	recorded table text only; current disposition and evidence not validated
SPEC-001	SA-AC-015	docs/specs/spec-001-signal-analyzer-reference-application.md	9b2d5b53904376adc4f22188d483ae921181d793e8c2b6fee5609738dc4912eb	docs/conformance/spec-001-conformance.md	693654921b7895efa49d8945afac41f5d5885a95273b890557ff5dc685d3786e	pass	recorded table text only; current disposition and evidence not validated
SPEC-001	SA-AC-016	docs/specs/spec-001-signal-analyzer-reference-application.md	9b2d5b53904376adc4f22188d483ae921181d793e8c2b6fee5609738dc4912eb	docs/conformance/spec-001-conformance.md	693654921b7895efa49d8945afac41f5d5885a95273b890557ff5dc685d3786e	pass	recorded table text only; current disposition and evidence not validated
SPEC-001	SA-AC-017	docs/specs/spec-001-signal-analyzer-reference-application.md	9b2d5b53904376adc4f22188d483ae921181d793e8c2b6fee5609738dc4912eb	docs/conformance/spec-001-conformance.md	693654921b7895efa49d8945afac41f5d5885a95273b890557ff5dc685d3786e	pass	recorded table text only; current disposition and evidence not validated
SPEC-001	SA-AC-018	docs/specs/spec-001-signal-analyzer-reference-application.md	9b2d5b53904376adc4f22188d483ae921181d793e8c2b6fee5609738dc4912eb	docs/conformance/spec-001-conformance.md	693654921b7895efa49d8945afac41f5d5885a95273b890557ff5dc685d3786e	pass	recorded table text only; current disposition and evidence not validated
SPEC-001	SA-AC-019	docs/specs/spec-001-signal-analyzer-reference-application.md	9b2d5b53904376adc4f22188d483ae921181d793e8c2b6fee5609738dc4912eb	docs/conformance/spec-001-conformance.md	693654921b7895efa49d8945afac41f5d5885a95273b890557ff5dc685d3786e	pass	recorded table text only; current disposition and evidence not validated
SPEC-001	SA-AC-020	docs/specs/spec-001-signal-analyzer-reference-application.md	9b2d5b53904376adc4f22188d483ae921181d793e8c2b6fee5609738dc4912eb	docs/conformance/spec-001-conformance.md	693654921b7895efa49d8945afac41f5d5885a95273b890557ff5dc685d3786e	pass	recorded table text only; current disposition and evidence not validated
SPEC-001	SA-AC-021	docs/specs/spec-001-signal-analyzer-reference-application.md	9b2d5b53904376adc4f22188d483ae921181d793e8c2b6fee5609738dc4912eb	docs/conformance/spec-001-conformance.md	693654921b7895efa49d8945afac41f5d5885a95273b890557ff5dc685d3786e	pass	recorded table text only; current disposition and evidence not validated
SPEC-001	SA-AC-022	docs/specs/spec-001-signal-analyzer-reference-application.md	9b2d5b53904376adc4f22188d483ae921181d793e8c2b6fee5609738dc4912eb	docs/conformance/spec-001-conformance.md	693654921b7895efa49d8945afac41f5d5885a95273b890557ff5dc685d3786e	pass	recorded table text only; current disposition and evidence not validated
SPEC-001	SA-AC-023	docs/specs/spec-001-signal-analyzer-reference-application.md	9b2d5b53904376adc4f22188d483ae921181d793e8c2b6fee5609738dc4912eb	docs/conformance/spec-001-conformance.md	693654921b7895efa49d8945afac41f5d5885a95273b890557ff5dc685d3786e	approved exception	recorded table text only; current disposition and evidence not validated
SPEC-001	SA-AC-024	docs/specs/spec-001-signal-analyzer-reference-application.md	9b2d5b53904376adc4f22188d483ae921181d793e8c2b6fee5609738dc4912eb	docs/conformance/spec-001-conformance.md	693654921b7895efa49d8945afac41f5d5885a95273b890557ff5dc685d3786e	approved exception	recorded table text only; current disposition and evidence not validated
SPEC-001	SA-AC-025	docs/specs/spec-001-signal-analyzer-reference-application.md	9b2d5b53904376adc4f22188d483ae921181d793e8c2b6fee5609738dc4912eb	docs/conformance/spec-001-conformance.md	693654921b7895efa49d8945afac41f5d5885a95273b890557ff5dc685d3786e	pass	recorded table text only; current disposition and evidence not validated
SPEC-001	SA-AC-026	docs/specs/spec-001-signal-analyzer-reference-application.md	9b2d5b53904376adc4f22188d483ae921181d793e8c2b6fee5609738dc4912eb	docs/conformance/spec-001-conformance.md	693654921b7895efa49d8945afac41f5d5885a95273b890557ff5dc685d3786e	pass	recorded table text only; current disposition and evidence not validated
SPEC-001	SA-AC-027	docs/specs/spec-001-signal-analyzer-reference-application.md	9b2d5b53904376adc4f22188d483ae921181d793e8c2b6fee5609738dc4912eb	docs/conformance/spec-001-conformance.md	693654921b7895efa49d8945afac41f5d5885a95273b890557ff5dc685d3786e	pass	recorded table text only; current disposition and evidence not validated
SPEC-001	SA-AC-028	docs/specs/spec-001-signal-analyzer-reference-application.md	9b2d5b53904376adc4f22188d483ae921181d793e8c2b6fee5609738dc4912eb	docs/conformance/spec-001-conformance.md	693654921b7895efa49d8945afac41f5d5885a95273b890557ff5dc685d3786e	pass	recorded table text only; current disposition and evidence not validated
SPEC-001	SA-AC-029	docs/specs/spec-001-signal-analyzer-reference-application.md	9b2d5b53904376adc4f22188d483ae921181d793e8c2b6fee5609738dc4912eb	docs/conformance/spec-001-conformance.md	693654921b7895efa49d8945afac41f5d5885a95273b890557ff5dc685d3786e	pass	recorded table text only; current disposition and evidence not validated
SPEC-001	SA-AC-030	docs/specs/spec-001-signal-analyzer-reference-application.md	9b2d5b53904376adc4f22188d483ae921181d793e8c2b6fee5609738dc4912eb	docs/conformance/spec-001-conformance.md	693654921b7895efa49d8945afac41f5d5885a95273b890557ff5dc685d3786e	pass	recorded table text only; current disposition and evidence not validated
SPEC-001	SA-AC-031	docs/specs/spec-001-signal-analyzer-reference-application.md	9b2d5b53904376adc4f22188d483ae921181d793e8c2b6fee5609738dc4912eb	docs/conformance/spec-001-conformance.md	693654921b7895efa49d8945afac41f5d5885a95273b890557ff5dc685d3786e	pass	recorded table text only; current disposition and evidence not validated
SPEC-001	SA-AC-032	docs/specs/spec-001-signal-analyzer-reference-application.md	9b2d5b53904376adc4f22188d483ae921181d793e8c2b6fee5609738dc4912eb	docs/conformance/spec-001-conformance.md	693654921b7895efa49d8945afac41f5d5885a95273b890557ff5dc685d3786e	pass	recorded table text only; current disposition and evidence not validated
SPEC-001	SA-AC-033	docs/specs/spec-001-signal-analyzer-reference-application.md	9b2d5b53904376adc4f22188d483ae921181d793e8c2b6fee5609738dc4912eb	docs/conformance/spec-001-conformance.md	693654921b7895efa49d8945afac41f5d5885a95273b890557ff5dc685d3786e	pass	recorded table text only; current disposition and evidence not validated
SPEC-001	SA-AC-034	docs/specs/spec-001-signal-analyzer-reference-application.md	9b2d5b53904376adc4f22188d483ae921181d793e8c2b6fee5609738dc4912eb	docs/conformance/spec-001-conformance.md	693654921b7895efa49d8945afac41f5d5885a95273b890557ff5dc685d3786e	pass	recorded table text only; current disposition and evidence not validated
SPEC-001	SA-AC-035	docs/specs/spec-001-signal-analyzer-reference-application.md	9b2d5b53904376adc4f22188d483ae921181d793e8c2b6fee5609738dc4912eb	docs/conformance/spec-001-conformance.md	693654921b7895efa49d8945afac41f5d5885a95273b890557ff5dc685d3786e	pass	recorded table text only; current disposition and evidence not validated
SPEC-001	SA-AC-036	docs/specs/spec-001-signal-analyzer-reference-application.md	9b2d5b53904376adc4f22188d483ae921181d793e8c2b6fee5609738dc4912eb	docs/conformance/spec-001-conformance.md	693654921b7895efa49d8945afac41f5d5885a95273b890557ff5dc685d3786e	pass	recorded table text only; current disposition and evidence not validated
SPEC-001	SA-AC-037	docs/specs/spec-001-signal-analyzer-reference-application.md	9b2d5b53904376adc4f22188d483ae921181d793e8c2b6fee5609738dc4912eb	docs/conformance/spec-001-conformance.md	693654921b7895efa49d8945afac41f5d5885a95273b890557ff5dc685d3786e	pass	recorded table text only; current disposition and evidence not validated
SPEC-001	SA-AC-038	docs/specs/spec-001-signal-analyzer-reference-application.md	9b2d5b53904376adc4f22188d483ae921181d793e8c2b6fee5609738dc4912eb	docs/conformance/spec-001-conformance.md	693654921b7895efa49d8945afac41f5d5885a95273b890557ff5dc685d3786e	pass	recorded table text only; current disposition and evidence not validated
SPEC-001	SA-AC-039	docs/specs/spec-001-signal-analyzer-reference-application.md	9b2d5b53904376adc4f22188d483ae921181d793e8c2b6fee5609738dc4912eb	docs/conformance/spec-001-conformance.md	693654921b7895efa49d8945afac41f5d5885a95273b890557ff5dc685d3786e	approved exception	recorded table text only; current disposition and evidence not validated
SPEC-001	SA-AC-040	docs/specs/spec-001-signal-analyzer-reference-application.md	9b2d5b53904376adc4f22188d483ae921181d793e8c2b6fee5609738dc4912eb	docs/conformance/spec-001-conformance.md	693654921b7895efa49d8945afac41f5d5885a95273b890557ff5dc685d3786e	pass	recorded table text only; current disposition and evidence not validated
SPEC-001	SA-AC-041	docs/specs/spec-001-signal-analyzer-reference-application.md	9b2d5b53904376adc4f22188d483ae921181d793e8c2b6fee5609738dc4912eb	docs/conformance/spec-001-conformance.md	693654921b7895efa49d8945afac41f5d5885a95273b890557ff5dc685d3786e	pass	recorded table text only; current disposition and evidence not validated
SPEC-001	SA-AC-042	docs/specs/spec-001-signal-analyzer-reference-application.md	9b2d5b53904376adc4f22188d483ae921181d793e8c2b6fee5609738dc4912eb	docs/conformance/spec-001-conformance.md	693654921b7895efa49d8945afac41f5d5885a95273b890557ff5dc685d3786e	pass	recorded table text only; current disposition and evidence not validated
SPEC-001	SA-AC-043	docs/specs/spec-001-signal-analyzer-reference-application.md	9b2d5b53904376adc4f22188d483ae921181d793e8c2b6fee5609738dc4912eb	docs/conformance/spec-001-conformance.md	693654921b7895efa49d8945afac41f5d5885a95273b890557ff5dc685d3786e	pass	recorded table text only; current disposition and evidence not validated
SPEC-001	SA-AC-044	docs/specs/spec-001-signal-analyzer-reference-application.md	9b2d5b53904376adc4f22188d483ae921181d793e8c2b6fee5609738dc4912eb	docs/conformance/spec-001-conformance.md	693654921b7895efa49d8945afac41f5d5885a95273b890557ff5dc685d3786e	pass	recorded table text only; current disposition and evidence not validated
SPEC-001	SA-AC-045	docs/specs/spec-001-signal-analyzer-reference-application.md	9b2d5b53904376adc4f22188d483ae921181d793e8c2b6fee5609738dc4912eb	docs/conformance/spec-001-conformance.md	693654921b7895efa49d8945afac41f5d5885a95273b890557ff5dc685d3786e	pass	recorded table text only; current disposition and evidence not validated
SPEC-002	PF-001	docs/specs/spec-002-portable-foundation.md	255efffe964670ec7c8c420594cb7b3dd2113cb2cb7c11e27d91b308c0456470	docs/conformance/spec-002-conformance.md	7509dfc9ed0a3ccbb3dcb31cf2eaf5745218e376be0e5800fa9d7b908c9e3e28	pass	recorded table text only; current disposition and evidence not validated
SPEC-002	PF-002	docs/specs/spec-002-portable-foundation.md	255efffe964670ec7c8c420594cb7b3dd2113cb2cb7c11e27d91b308c0456470	docs/conformance/spec-002-conformance.md	7509dfc9ed0a3ccbb3dcb31cf2eaf5745218e376be0e5800fa9d7b908c9e3e28	pass	recorded table text only; current disposition and evidence not validated
SPEC-002	PF-003	docs/specs/spec-002-portable-foundation.md	255efffe964670ec7c8c420594cb7b3dd2113cb2cb7c11e27d91b308c0456470	docs/conformance/spec-002-conformance.md	7509dfc9ed0a3ccbb3dcb31cf2eaf5745218e376be0e5800fa9d7b908c9e3e28	pass	recorded table text only; current disposition and evidence not validated
SPEC-002	PF-004	docs/specs/spec-002-portable-foundation.md	255efffe964670ec7c8c420594cb7b3dd2113cb2cb7c11e27d91b308c0456470	docs/conformance/spec-002-conformance.md	7509dfc9ed0a3ccbb3dcb31cf2eaf5745218e376be0e5800fa9d7b908c9e3e28	pass	recorded table text only; current disposition and evidence not validated
SPEC-002	PF-005	docs/specs/spec-002-portable-foundation.md	255efffe964670ec7c8c420594cb7b3dd2113cb2cb7c11e27d91b308c0456470	docs/conformance/spec-002-conformance.md	7509dfc9ed0a3ccbb3dcb31cf2eaf5745218e376be0e5800fa9d7b908c9e3e28	pass	recorded table text only; current disposition and evidence not validated
SPEC-002	PF-006	docs/specs/spec-002-portable-foundation.md	255efffe964670ec7c8c420594cb7b3dd2113cb2cb7c11e27d91b308c0456470	docs/conformance/spec-002-conformance.md	7509dfc9ed0a3ccbb3dcb31cf2eaf5745218e376be0e5800fa9d7b908c9e3e28	pass	recorded table text only; current disposition and evidence not validated
SPEC-002	PF-007	docs/specs/spec-002-portable-foundation.md	255efffe964670ec7c8c420594cb7b3dd2113cb2cb7c11e27d91b308c0456470	docs/conformance/spec-002-conformance.md	7509dfc9ed0a3ccbb3dcb31cf2eaf5745218e376be0e5800fa9d7b908c9e3e28	pass	recorded table text only; current disposition and evidence not validated
SPEC-002	PF-008	docs/specs/spec-002-portable-foundation.md	255efffe964670ec7c8c420594cb7b3dd2113cb2cb7c11e27d91b308c0456470	docs/conformance/spec-002-conformance.md	7509dfc9ed0a3ccbb3dcb31cf2eaf5745218e376be0e5800fa9d7b908c9e3e28	pass	recorded table text only; current disposition and evidence not validated
SPEC-002	PF-009	docs/specs/spec-002-portable-foundation.md	255efffe964670ec7c8c420594cb7b3dd2113cb2cb7c11e27d91b308c0456470	docs/conformance/spec-002-conformance.md	7509dfc9ed0a3ccbb3dcb31cf2eaf5745218e376be0e5800fa9d7b908c9e3e28	pass	recorded table text only; current disposition and evidence not validated
SPEC-002	PF-010	docs/specs/spec-002-portable-foundation.md	255efffe964670ec7c8c420594cb7b3dd2113cb2cb7c11e27d91b308c0456470	docs/conformance/spec-002-conformance.md	7509dfc9ed0a3ccbb3dcb31cf2eaf5745218e376be0e5800fa9d7b908c9e3e28	pass	recorded table text only; current disposition and evidence not validated
SPEC-003	FAIL-AC-01	docs/specs/spec-003-failure-outcomes-and-containment.md	26c57695c7edf5456e1c56eca35cdaee0ba076c96db025ec0dd411684b1a5e94	docs/conformance/spec-003-conformance.md	bdac0c7e3ca954c5eff0db2bcb2f95428c411d7997ece20c850ef491025f7dd5	pass	recorded table text only; current disposition and evidence not validated
SPEC-003	FAIL-AC-02	docs/specs/spec-003-failure-outcomes-and-containment.md	26c57695c7edf5456e1c56eca35cdaee0ba076c96db025ec0dd411684b1a5e94	docs/conformance/spec-003-conformance.md	bdac0c7e3ca954c5eff0db2bcb2f95428c411d7997ece20c850ef491025f7dd5	pass	recorded table text only; current disposition and evidence not validated
SPEC-003	FAIL-AC-03	docs/specs/spec-003-failure-outcomes-and-containment.md	26c57695c7edf5456e1c56eca35cdaee0ba076c96db025ec0dd411684b1a5e94	docs/conformance/spec-003-conformance.md	bdac0c7e3ca954c5eff0db2bcb2f95428c411d7997ece20c850ef491025f7dd5	pass	recorded table text only; current disposition and evidence not validated
SPEC-003	FAIL-AC-04	docs/specs/spec-003-failure-outcomes-and-containment.md	26c57695c7edf5456e1c56eca35cdaee0ba076c96db025ec0dd411684b1a5e94	docs/conformance/spec-003-conformance.md	bdac0c7e3ca954c5eff0db2bcb2f95428c411d7997ece20c850ef491025f7dd5	pass	recorded table text only; current disposition and evidence not validated
SPEC-003	FAIL-AC-05	docs/specs/spec-003-failure-outcomes-and-containment.md	26c57695c7edf5456e1c56eca35cdaee0ba076c96db025ec0dd411684b1a5e94	docs/conformance/spec-003-conformance.md	bdac0c7e3ca954c5eff0db2bcb2f95428c411d7997ece20c850ef491025f7dd5	pass	recorded table text only; current disposition and evidence not validated
SPEC-003	FAIL-AC-06	docs/specs/spec-003-failure-outcomes-and-containment.md	26c57695c7edf5456e1c56eca35cdaee0ba076c96db025ec0dd411684b1a5e94	docs/conformance/spec-003-conformance.md	bdac0c7e3ca954c5eff0db2bcb2f95428c411d7997ece20c850ef491025f7dd5	pass	recorded table text only; current disposition and evidence not validated
SPEC-003	FAIL-AC-07	docs/specs/spec-003-failure-outcomes-and-containment.md	26c57695c7edf5456e1c56eca35cdaee0ba076c96db025ec0dd411684b1a5e94	docs/conformance/spec-003-conformance.md	bdac0c7e3ca954c5eff0db2bcb2f95428c411d7997ece20c850ef491025f7dd5	pass	recorded table text only; current disposition and evidence not validated
SPEC-003	FAIL-AC-08	docs/specs/spec-003-failure-outcomes-and-containment.md	26c57695c7edf5456e1c56eca35cdaee0ba076c96db025ec0dd411684b1a5e94	docs/conformance/spec-003-conformance.md	bdac0c7e3ca954c5eff0db2bcb2f95428c411d7997ece20c850ef491025f7dd5	pass	recorded table text only; current disposition and evidence not validated
SPEC-003	FAIL-AC-09	docs/specs/spec-003-failure-outcomes-and-containment.md	26c57695c7edf5456e1c56eca35cdaee0ba076c96db025ec0dd411684b1a5e94	docs/conformance/spec-003-conformance.md	bdac0c7e3ca954c5eff0db2bcb2f95428c411d7997ece20c850ef491025f7dd5	pass	recorded table text only; current disposition and evidence not validated
SPEC-003	FAIL-AC-10	docs/specs/spec-003-failure-outcomes-and-containment.md	26c57695c7edf5456e1c56eca35cdaee0ba076c96db025ec0dd411684b1a5e94	docs/conformance/spec-003-conformance.md	bdac0c7e3ca954c5eff0db2bcb2f95428c411d7997ece20c850ef491025f7dd5	pass	recorded table text only; current disposition and evidence not validated
SPEC-003	FAIL-AC-11	docs/specs/spec-003-failure-outcomes-and-containment.md	26c57695c7edf5456e1c56eca35cdaee0ba076c96db025ec0dd411684b1a5e94	docs/conformance/spec-003-conformance.md	bdac0c7e3ca954c5eff0db2bcb2f95428c411d7997ece20c850ef491025f7dd5	pass	recorded table text only; current disposition and evidence not validated
SPEC-003	FAIL-AC-12	docs/specs/spec-003-failure-outcomes-and-containment.md	26c57695c7edf5456e1c56eca35cdaee0ba076c96db025ec0dd411684b1a5e94	docs/conformance/spec-003-conformance.md	bdac0c7e3ca954c5eff0db2bcb2f95428c411d7997ece20c850ef491025f7dd5	pass	recorded table text only; current disposition and evidence not validated
SPEC-003	FAIL-AC-13	docs/specs/spec-003-failure-outcomes-and-containment.md	26c57695c7edf5456e1c56eca35cdaee0ba076c96db025ec0dd411684b1a5e94	docs/conformance/spec-003-conformance.md	bdac0c7e3ca954c5eff0db2bcb2f95428c411d7997ece20c850ef491025f7dd5	pass	recorded table text only; current disposition and evidence not validated
SPEC-003	FAIL-AC-14	docs/specs/spec-003-failure-outcomes-and-containment.md	26c57695c7edf5456e1c56eca35cdaee0ba076c96db025ec0dd411684b1a5e94	docs/conformance/spec-003-conformance.md	bdac0c7e3ca954c5eff0db2bcb2f95428c411d7997ece20c850ef491025f7dd5	pass	recorded table text only; current disposition and evidence not validated
SPEC-003	FAIL-AC-15	docs/specs/spec-003-failure-outcomes-and-containment.md	26c57695c7edf5456e1c56eca35cdaee0ba076c96db025ec0dd411684b1a5e94	docs/conformance/spec-003-conformance.md	bdac0c7e3ca954c5eff0db2bcb2f95428c411d7997ece20c850ef491025f7dd5	pass	recorded table text only; current disposition and evidence not validated
SPEC-003	FAIL-AC-16	docs/specs/spec-003-failure-outcomes-and-containment.md	26c57695c7edf5456e1c56eca35cdaee0ba076c96db025ec0dd411684b1a5e94	docs/conformance/spec-003-conformance.md	bdac0c7e3ca954c5eff0db2bcb2f95428c411d7997ece20c850ef491025f7dd5	pass	recorded table text only; current disposition and evidence not validated
SPEC-003	FAIL-AC-17	docs/specs/spec-003-failure-outcomes-and-containment.md	26c57695c7edf5456e1c56eca35cdaee0ba076c96db025ec0dd411684b1a5e94	docs/conformance/spec-003-conformance.md	bdac0c7e3ca954c5eff0db2bcb2f95428c411d7997ece20c850ef491025f7dd5	pass	recorded table text only; current disposition and evidence not validated
SPEC-003	FAIL-AC-18	docs/specs/spec-003-failure-outcomes-and-containment.md	26c57695c7edf5456e1c56eca35cdaee0ba076c96db025ec0dd411684b1a5e94	docs/conformance/spec-003-conformance.md	bdac0c7e3ca954c5eff0db2bcb2f95428c411d7997ece20c850ef491025f7dd5	pass	recorded table text only; current disposition and evidence not validated
SPEC-003	FAIL-AC-19	docs/specs/spec-003-failure-outcomes-and-containment.md	26c57695c7edf5456e1c56eca35cdaee0ba076c96db025ec0dd411684b1a5e94	docs/conformance/spec-003-conformance.md	bdac0c7e3ca954c5eff0db2bcb2f95428c411d7997ece20c850ef491025f7dd5	pass	recorded table text only; current disposition and evidence not validated
SPEC-004	CR-001	docs/specs/spec-004-capability-contribution-and-resolution.md	f129f4dc5cd4eeb669240dc3bf3cb42a2f479219b030a378d5d27c5e2a6ab928	docs/conformance/spec-004-conformance.md	a92fcbb7f29b24d8c70e7833f2a7906160c8e4688cc77474e5e3379beaf97900	pass	recorded table text only; current disposition and evidence not validated
SPEC-004	CR-002	docs/specs/spec-004-capability-contribution-and-resolution.md	f129f4dc5cd4eeb669240dc3bf3cb42a2f479219b030a378d5d27c5e2a6ab928	docs/conformance/spec-004-conformance.md	a92fcbb7f29b24d8c70e7833f2a7906160c8e4688cc77474e5e3379beaf97900	pass	recorded table text only; current disposition and evidence not validated
SPEC-004	CR-003	docs/specs/spec-004-capability-contribution-and-resolution.md	f129f4dc5cd4eeb669240dc3bf3cb42a2f479219b030a378d5d27c5e2a6ab928	docs/conformance/spec-004-conformance.md	a92fcbb7f29b24d8c70e7833f2a7906160c8e4688cc77474e5e3379beaf97900	pass	recorded table text only; current disposition and evidence not validated
SPEC-004	CR-004	docs/specs/spec-004-capability-contribution-and-resolution.md	f129f4dc5cd4eeb669240dc3bf3cb42a2f479219b030a378d5d27c5e2a6ab928	docs/conformance/spec-004-conformance.md	a92fcbb7f29b24d8c70e7833f2a7906160c8e4688cc77474e5e3379beaf97900	pass	recorded table text only; current disposition and evidence not validated
SPEC-004	CR-005	docs/specs/spec-004-capability-contribution-and-resolution.md	f129f4dc5cd4eeb669240dc3bf3cb42a2f479219b030a378d5d27c5e2a6ab928	docs/conformance/spec-004-conformance.md	a92fcbb7f29b24d8c70e7833f2a7906160c8e4688cc77474e5e3379beaf97900	pass	recorded table text only; current disposition and evidence not validated
SPEC-004	CR-006	docs/specs/spec-004-capability-contribution-and-resolution.md	f129f4dc5cd4eeb669240dc3bf3cb42a2f479219b030a378d5d27c5e2a6ab928	docs/conformance/spec-004-conformance.md	a92fcbb7f29b24d8c70e7833f2a7906160c8e4688cc77474e5e3379beaf97900	pass	recorded table text only; current disposition and evidence not validated
SPEC-004	CR-007	docs/specs/spec-004-capability-contribution-and-resolution.md	f129f4dc5cd4eeb669240dc3bf3cb42a2f479219b030a378d5d27c5e2a6ab928	docs/conformance/spec-004-conformance.md	a92fcbb7f29b24d8c70e7833f2a7906160c8e4688cc77474e5e3379beaf97900	pass	recorded table text only; current disposition and evidence not validated
SPEC-004	CR-008	docs/specs/spec-004-capability-contribution-and-resolution.md	f129f4dc5cd4eeb669240dc3bf3cb42a2f479219b030a378d5d27c5e2a6ab928	docs/conformance/spec-004-conformance.md	a92fcbb7f29b24d8c70e7833f2a7906160c8e4688cc77474e5e3379beaf97900	pass	recorded table text only; current disposition and evidence not validated
SPEC-004	CR-009	docs/specs/spec-004-capability-contribution-and-resolution.md	f129f4dc5cd4eeb669240dc3bf3cb42a2f479219b030a378d5d27c5e2a6ab928	docs/conformance/spec-004-conformance.md	a92fcbb7f29b24d8c70e7833f2a7906160c8e4688cc77474e5e3379beaf97900	pass	recorded table text only; current disposition and evidence not validated
SPEC-004	CR-010	docs/specs/spec-004-capability-contribution-and-resolution.md	f129f4dc5cd4eeb669240dc3bf3cb42a2f479219b030a378d5d27c5e2a6ab928	docs/conformance/spec-004-conformance.md	a92fcbb7f29b24d8c70e7833f2a7906160c8e4688cc77474e5e3379beaf97900	pass	recorded table text only; current disposition and evidence not validated
SPEC-004	CR-011	docs/specs/spec-004-capability-contribution-and-resolution.md	f129f4dc5cd4eeb669240dc3bf3cb42a2f479219b030a378d5d27c5e2a6ab928	docs/conformance/spec-004-conformance.md	a92fcbb7f29b24d8c70e7833f2a7906160c8e4688cc77474e5e3379beaf97900	pass	recorded table text only; current disposition and evidence not validated
SPEC-004	CR-012	docs/specs/spec-004-capability-contribution-and-resolution.md	f129f4dc5cd4eeb669240dc3bf3cb42a2f479219b030a378d5d27c5e2a6ab928	docs/conformance/spec-004-conformance.md	a92fcbb7f29b24d8c70e7833f2a7906160c8e4688cc77474e5e3379beaf97900	pass	recorded table text only; current disposition and evidence not validated
SPEC-004	CR-013	docs/specs/spec-004-capability-contribution-and-resolution.md	f129f4dc5cd4eeb669240dc3bf3cb42a2f479219b030a378d5d27c5e2a6ab928	docs/conformance/spec-004-conformance.md	a92fcbb7f29b24d8c70e7833f2a7906160c8e4688cc77474e5e3379beaf97900	pass	recorded table text only; current disposition and evidence not validated
SPEC-004	CR-014	docs/specs/spec-004-capability-contribution-and-resolution.md	f129f4dc5cd4eeb669240dc3bf3cb42a2f479219b030a378d5d27c5e2a6ab928	docs/conformance/spec-004-conformance.md	a92fcbb7f29b24d8c70e7833f2a7906160c8e4688cc77474e5e3379beaf97900	pass	recorded table text only; current disposition and evidence not validated
SPEC-004	CR-015	docs/specs/spec-004-capability-contribution-and-resolution.md	f129f4dc5cd4eeb669240dc3bf3cb42a2f479219b030a378d5d27c5e2a6ab928	docs/conformance/spec-004-conformance.md	a92fcbb7f29b24d8c70e7833f2a7906160c8e4688cc77474e5e3379beaf97900	pass	recorded table text only; current disposition and evidence not validated
SPEC-004	CR-016	docs/specs/spec-004-capability-contribution-and-resolution.md	f129f4dc5cd4eeb669240dc3bf3cb42a2f479219b030a378d5d27c5e2a6ab928	docs/conformance/spec-004-conformance.md	a92fcbb7f29b24d8c70e7833f2a7906160c8e4688cc77474e5e3379beaf97900	pass	recorded table text only; current disposition and evidence not validated
SPEC-005	TR-001	docs/specs/spec-005-text-resources.md	accebda365769271b76976bf8b624f6552123139edce1ecb19a68a13aef522c8	docs/conformance/spec-005-conformance.md	df8c5e655145b25493e9de92237fde2141c2119ab7531fe114dd62863c506911	pass	recorded table text only; current disposition and evidence not validated
SPEC-005	TR-002	docs/specs/spec-005-text-resources.md	accebda365769271b76976bf8b624f6552123139edce1ecb19a68a13aef522c8	docs/conformance/spec-005-conformance.md	df8c5e655145b25493e9de92237fde2141c2119ab7531fe114dd62863c506911	pass	recorded table text only; current disposition and evidence not validated
SPEC-005	TR-003	docs/specs/spec-005-text-resources.md	accebda365769271b76976bf8b624f6552123139edce1ecb19a68a13aef522c8	docs/conformance/spec-005-conformance.md	df8c5e655145b25493e9de92237fde2141c2119ab7531fe114dd62863c506911	pass	recorded table text only; current disposition and evidence not validated
SPEC-005	TR-004	docs/specs/spec-005-text-resources.md	accebda365769271b76976bf8b624f6552123139edce1ecb19a68a13aef522c8	docs/conformance/spec-005-conformance.md	df8c5e655145b25493e9de92237fde2141c2119ab7531fe114dd62863c506911	pass	recorded table text only; current disposition and evidence not validated
SPEC-005	TR-005	docs/specs/spec-005-text-resources.md	accebda365769271b76976bf8b624f6552123139edce1ecb19a68a13aef522c8	docs/conformance/spec-005-conformance.md	df8c5e655145b25493e9de92237fde2141c2119ab7531fe114dd62863c506911	pass	recorded table text only; current disposition and evidence not validated
SPEC-005	TR-006	docs/specs/spec-005-text-resources.md	accebda365769271b76976bf8b624f6552123139edce1ecb19a68a13aef522c8	docs/conformance/spec-005-conformance.md	df8c5e655145b25493e9de92237fde2141c2119ab7531fe114dd62863c506911	pass	recorded table text only; current disposition and evidence not validated
SPEC-005	TR-007	docs/specs/spec-005-text-resources.md	accebda365769271b76976bf8b624f6552123139edce1ecb19a68a13aef522c8	docs/conformance/spec-005-conformance.md	df8c5e655145b25493e9de92237fde2141c2119ab7531fe114dd62863c506911	pass	recorded table text only; current disposition and evidence not validated
SPEC-005	TR-008	docs/specs/spec-005-text-resources.md	accebda365769271b76976bf8b624f6552123139edce1ecb19a68a13aef522c8	docs/conformance/spec-005-conformance.md	df8c5e655145b25493e9de92237fde2141c2119ab7531fe114dd62863c506911	pass	recorded table text only; current disposition and evidence not validated
SPEC-005	TR-009	docs/specs/spec-005-text-resources.md	accebda365769271b76976bf8b624f6552123139edce1ecb19a68a13aef522c8	docs/conformance/spec-005-conformance.md	df8c5e655145b25493e9de92237fde2141c2119ab7531fe114dd62863c506911	pass	recorded table text only; current disposition and evidence not validated
SPEC-005	TR-010	docs/specs/spec-005-text-resources.md	accebda365769271b76976bf8b624f6552123139edce1ecb19a68a13aef522c8	docs/conformance/spec-005-conformance.md	df8c5e655145b25493e9de92237fde2141c2119ab7531fe114dd62863c506911	pass	recorded table text only; current disposition and evidence not validated
SPEC-005	TR-011	docs/specs/spec-005-text-resources.md	accebda365769271b76976bf8b624f6552123139edce1ecb19a68a13aef522c8	docs/conformance/spec-005-conformance.md	df8c5e655145b25493e9de92237fde2141c2119ab7531fe114dd62863c506911	pass	recorded table text only; current disposition and evidence not validated
SPEC-005	TR-012	docs/specs/spec-005-text-resources.md	accebda365769271b76976bf8b624f6552123139edce1ecb19a68a13aef522c8	docs/conformance/spec-005-conformance.md	df8c5e655145b25493e9de92237fde2141c2119ab7531fe114dd62863c506911	pass	recorded table text only; current disposition and evidence not validated
SPEC-005	TR-013	docs/specs/spec-005-text-resources.md	accebda365769271b76976bf8b624f6552123139edce1ecb19a68a13aef522c8	docs/conformance/spec-005-conformance.md	df8c5e655145b25493e9de92237fde2141c2119ab7531fe114dd62863c506911	pass	recorded table text only; current disposition and evidence not validated
SPEC-006	DV-001	docs/specs/spec-006-declarative-view-semantics.md	50b456f491ba355c45e005a3ef8e1fbe0a288b91acb84319c147c5ce53bd2496	docs/conformance/spec-006-conformance.md	6d70669314711c7f878255b78ade9cb82d412632b2f55c7c9ff93972cb562c32	pass	recorded table text only; current disposition and evidence not validated
SPEC-006	DV-002	docs/specs/spec-006-declarative-view-semantics.md	50b456f491ba355c45e005a3ef8e1fbe0a288b91acb84319c147c5ce53bd2496	docs/conformance/spec-006-conformance.md	6d70669314711c7f878255b78ade9cb82d412632b2f55c7c9ff93972cb562c32	pass	recorded table text only; current disposition and evidence not validated
SPEC-006	DV-003	docs/specs/spec-006-declarative-view-semantics.md	50b456f491ba355c45e005a3ef8e1fbe0a288b91acb84319c147c5ce53bd2496	docs/conformance/spec-006-conformance.md	6d70669314711c7f878255b78ade9cb82d412632b2f55c7c9ff93972cb562c32	pass	recorded table text only; current disposition and evidence not validated
SPEC-006	DV-004	docs/specs/spec-006-declarative-view-semantics.md	50b456f491ba355c45e005a3ef8e1fbe0a288b91acb84319c147c5ce53bd2496	docs/conformance/spec-006-conformance.md	6d70669314711c7f878255b78ade9cb82d412632b2f55c7c9ff93972cb562c32	pass	recorded table text only; current disposition and evidence not validated
SPEC-006	DV-005	docs/specs/spec-006-declarative-view-semantics.md	50b456f491ba355c45e005a3ef8e1fbe0a288b91acb84319c147c5ce53bd2496	docs/conformance/spec-006-conformance.md	6d70669314711c7f878255b78ade9cb82d412632b2f55c7c9ff93972cb562c32	pass	recorded table text only; current disposition and evidence not validated
SPEC-006	DV-006	docs/specs/spec-006-declarative-view-semantics.md	50b456f491ba355c45e005a3ef8e1fbe0a288b91acb84319c147c5ce53bd2496	docs/conformance/spec-006-conformance.md	6d70669314711c7f878255b78ade9cb82d412632b2f55c7c9ff93972cb562c32	pass	recorded table text only; current disposition and evidence not validated
SPEC-006	DV-007	docs/specs/spec-006-declarative-view-semantics.md	50b456f491ba355c45e005a3ef8e1fbe0a288b91acb84319c147c5ce53bd2496	docs/conformance/spec-006-conformance.md	6d70669314711c7f878255b78ade9cb82d412632b2f55c7c9ff93972cb562c32	pass	recorded table text only; current disposition and evidence not validated
SPEC-006	DV-008	docs/specs/spec-006-declarative-view-semantics.md	50b456f491ba355c45e005a3ef8e1fbe0a288b91acb84319c147c5ce53bd2496	docs/conformance/spec-006-conformance.md	6d70669314711c7f878255b78ade9cb82d412632b2f55c7c9ff93972cb562c32	pass	recorded table text only; current disposition and evidence not validated
SPEC-006	DV-009	docs/specs/spec-006-declarative-view-semantics.md	50b456f491ba355c45e005a3ef8e1fbe0a288b91acb84319c147c5ce53bd2496	docs/conformance/spec-006-conformance.md	6d70669314711c7f878255b78ade9cb82d412632b2f55c7c9ff93972cb562c32	pass	recorded table text only; current disposition and evidence not validated
SPEC-006	DV-010	docs/specs/spec-006-declarative-view-semantics.md	50b456f491ba355c45e005a3ef8e1fbe0a288b91acb84319c147c5ce53bd2496	docs/conformance/spec-006-conformance.md	6d70669314711c7f878255b78ade9cb82d412632b2f55c7c9ff93972cb562c32	pass	recorded table text only; current disposition and evidence not validated
SPEC-006	DV-011	docs/specs/spec-006-declarative-view-semantics.md	50b456f491ba355c45e005a3ef8e1fbe0a288b91acb84319c147c5ce53bd2496	docs/conformance/spec-006-conformance.md	6d70669314711c7f878255b78ade9cb82d412632b2f55c7c9ff93972cb562c32	pass	recorded table text only; current disposition and evidence not validated
SPEC-006	DV-012	docs/specs/spec-006-declarative-view-semantics.md	50b456f491ba355c45e005a3ef8e1fbe0a288b91acb84319c147c5ce53bd2496	docs/conformance/spec-006-conformance.md	6d70669314711c7f878255b78ade9cb82d412632b2f55c7c9ff93972cb562c32	pass	recorded table text only; current disposition and evidence not validated
SPEC-006	DV-013	docs/specs/spec-006-declarative-view-semantics.md	50b456f491ba355c45e005a3ef8e1fbe0a288b91acb84319c147c5ce53bd2496	docs/conformance/spec-006-conformance.md	6d70669314711c7f878255b78ade9cb82d412632b2f55c7c9ff93972cb562c32	pass	recorded table text only; current disposition and evidence not validated
SPEC-006	DV-014	docs/specs/spec-006-declarative-view-semantics.md	50b456f491ba355c45e005a3ef8e1fbe0a288b91acb84319c147c5ce53bd2496	docs/conformance/spec-006-conformance.md	6d70669314711c7f878255b78ade9cb82d412632b2f55c7c9ff93972cb562c32	pass	recorded table text only; current disposition and evidence not validated
SPEC-006	DV-015	docs/specs/spec-006-declarative-view-semantics.md	50b456f491ba355c45e005a3ef8e1fbe0a288b91acb84319c147c5ce53bd2496	docs/conformance/spec-006-conformance.md	6d70669314711c7f878255b78ade9cb82d412632b2f55c7c9ff93972cb562c32	pass	recorded table text only; current disposition and evidence not validated
SPEC-006	DV-016	docs/specs/spec-006-declarative-view-semantics.md	50b456f491ba355c45e005a3ef8e1fbe0a288b91acb84319c147c5ce53bd2496	docs/conformance/spec-006-conformance.md	6d70669314711c7f878255b78ade9cb82d412632b2f55c7c9ff93972cb562c32	pass	recorded table text only; current disposition and evidence not validated
SPEC-006	DV-017	docs/specs/spec-006-declarative-view-semantics.md	50b456f491ba355c45e005a3ef8e1fbe0a288b91acb84319c147c5ce53bd2496	docs/conformance/spec-006-conformance.md	6d70669314711c7f878255b78ade9cb82d412632b2f55c7c9ff93972cb562c32	pass	recorded table text only; current disposition and evidence not validated
SPEC-007	LY-001	docs/specs/spec-007-layout.md	0c0229e489d74c700f8a0985a14e6c6c6e7b992e1af24a1b31026d1cd67c2a9f	docs/conformance/spec-007-conformance.md	580b744eef976bd4750ba763152263128238ac353158901dae32b6e72e99c4e7	pass	recorded table text only; current disposition and evidence not validated
SPEC-007	LY-002	docs/specs/spec-007-layout.md	0c0229e489d74c700f8a0985a14e6c6c6e7b992e1af24a1b31026d1cd67c2a9f	docs/conformance/spec-007-conformance.md	580b744eef976bd4750ba763152263128238ac353158901dae32b6e72e99c4e7	pass	recorded table text only; current disposition and evidence not validated
SPEC-007	LY-003	docs/specs/spec-007-layout.md	0c0229e489d74c700f8a0985a14e6c6c6e7b992e1af24a1b31026d1cd67c2a9f	docs/conformance/spec-007-conformance.md	580b744eef976bd4750ba763152263128238ac353158901dae32b6e72e99c4e7	pass	recorded table text only; current disposition and evidence not validated
SPEC-007	LY-004	docs/specs/spec-007-layout.md	0c0229e489d74c700f8a0985a14e6c6c6e7b992e1af24a1b31026d1cd67c2a9f	docs/conformance/spec-007-conformance.md	580b744eef976bd4750ba763152263128238ac353158901dae32b6e72e99c4e7	pass	recorded table text only; current disposition and evidence not validated
SPEC-007	LY-005	docs/specs/spec-007-layout.md	0c0229e489d74c700f8a0985a14e6c6c6e7b992e1af24a1b31026d1cd67c2a9f	docs/conformance/spec-007-conformance.md	580b744eef976bd4750ba763152263128238ac353158901dae32b6e72e99c4e7	pass	recorded table text only; current disposition and evidence not validated
SPEC-007	LY-006	docs/specs/spec-007-layout.md	0c0229e489d74c700f8a0985a14e6c6c6e7b992e1af24a1b31026d1cd67c2a9f	docs/conformance/spec-007-conformance.md	580b744eef976bd4750ba763152263128238ac353158901dae32b6e72e99c4e7	pass	recorded table text only; current disposition and evidence not validated
SPEC-007	LY-007	docs/specs/spec-007-layout.md	0c0229e489d74c700f8a0985a14e6c6c6e7b992e1af24a1b31026d1cd67c2a9f	docs/conformance/spec-007-conformance.md	580b744eef976bd4750ba763152263128238ac353158901dae32b6e72e99c4e7	pass	recorded table text only; current disposition and evidence not validated
SPEC-007	LY-008	docs/specs/spec-007-layout.md	0c0229e489d74c700f8a0985a14e6c6c6e7b992e1af24a1b31026d1cd67c2a9f	docs/conformance/spec-007-conformance.md	580b744eef976bd4750ba763152263128238ac353158901dae32b6e72e99c4e7	pass	recorded table text only; current disposition and evidence not validated
SPEC-007	LY-009	docs/specs/spec-007-layout.md	0c0229e489d74c700f8a0985a14e6c6c6e7b992e1af24a1b31026d1cd67c2a9f	docs/conformance/spec-007-conformance.md	580b744eef976bd4750ba763152263128238ac353158901dae32b6e72e99c4e7	pass	recorded table text only; current disposition and evidence not validated
SPEC-008	RD-001	docs/specs/spec-008-rendering.md	252a1982215348357dd3723efff975da3751519aa1bddb09005226ab0726c1bb	docs/conformance/spec-008-conformance.md	fa504dab7d206da54e95f4579d0979397acf157e1b27693dc652a075aa4064e9	pass	recorded table text only; current disposition and evidence not validated
SPEC-008	RD-002	docs/specs/spec-008-rendering.md	252a1982215348357dd3723efff975da3751519aa1bddb09005226ab0726c1bb	docs/conformance/spec-008-conformance.md	fa504dab7d206da54e95f4579d0979397acf157e1b27693dc652a075aa4064e9	pass	recorded table text only; current disposition and evidence not validated
SPEC-008	RD-003	docs/specs/spec-008-rendering.md	252a1982215348357dd3723efff975da3751519aa1bddb09005226ab0726c1bb	docs/conformance/spec-008-conformance.md	fa504dab7d206da54e95f4579d0979397acf157e1b27693dc652a075aa4064e9	pass	recorded table text only; current disposition and evidence not validated
SPEC-008	RD-004	docs/specs/spec-008-rendering.md	252a1982215348357dd3723efff975da3751519aa1bddb09005226ab0726c1bb	docs/conformance/spec-008-conformance.md	fa504dab7d206da54e95f4579d0979397acf157e1b27693dc652a075aa4064e9	pass	recorded table text only; current disposition and evidence not validated
SPEC-008	RD-005	docs/specs/spec-008-rendering.md	252a1982215348357dd3723efff975da3751519aa1bddb09005226ab0726c1bb	docs/conformance/spec-008-conformance.md	fa504dab7d206da54e95f4579d0979397acf157e1b27693dc652a075aa4064e9	pass	recorded table text only; current disposition and evidence not validated
SPEC-008	RD-006	docs/specs/spec-008-rendering.md	252a1982215348357dd3723efff975da3751519aa1bddb09005226ab0726c1bb	docs/conformance/spec-008-conformance.md	fa504dab7d206da54e95f4579d0979397acf157e1b27693dc652a075aa4064e9	pass	recorded table text only; current disposition and evidence not validated
SPEC-008	RD-007	docs/specs/spec-008-rendering.md	252a1982215348357dd3723efff975da3751519aa1bddb09005226ab0726c1bb	docs/conformance/spec-008-conformance.md	fa504dab7d206da54e95f4579d0979397acf157e1b27693dc652a075aa4064e9	pass	recorded table text only; current disposition and evidence not validated
SPEC-008	RD-008	docs/specs/spec-008-rendering.md	252a1982215348357dd3723efff975da3751519aa1bddb09005226ab0726c1bb	docs/conformance/spec-008-conformance.md	fa504dab7d206da54e95f4579d0979397acf157e1b27693dc652a075aa4064e9	pass	recorded table text only; current disposition and evidence not validated
SPEC-008	RD-009	docs/specs/spec-008-rendering.md	252a1982215348357dd3723efff975da3751519aa1bddb09005226ab0726c1bb	docs/conformance/spec-008-conformance.md	fa504dab7d206da54e95f4579d0979397acf157e1b27693dc652a075aa4064e9	pass	recorded table text only; current disposition and evidence not validated
SPEC-008	RD-010	docs/specs/spec-008-rendering.md	252a1982215348357dd3723efff975da3751519aa1bddb09005226ab0726c1bb	docs/conformance/spec-008-conformance.md	fa504dab7d206da54e95f4579d0979397acf157e1b27693dc652a075aa4064e9	pass	recorded table text only; current disposition and evidence not validated
SPEC-008	RD-011	docs/specs/spec-008-rendering.md	252a1982215348357dd3723efff975da3751519aa1bddb09005226ab0726c1bb	docs/conformance/spec-008-conformance.md	fa504dab7d206da54e95f4579d0979397acf157e1b27693dc652a075aa4064e9	pass	recorded table text only; current disposition and evidence not validated
SPEC-009	EX-001	docs/specs/spec-009-execution-cycle-and-frame-handoff.md	8d53d94bdaccce954ee93d92a8d53b3d293230600c0bc5d49fce2f0a99fae29a	docs/conformance/spec-009-conformance.md	0fde349a077750ebaf21e00c916535d54eaa0893da892b52d719a9e77ceed898	pass	recorded table text only; current disposition and evidence not validated
SPEC-009	EX-002	docs/specs/spec-009-execution-cycle-and-frame-handoff.md	8d53d94bdaccce954ee93d92a8d53b3d293230600c0bc5d49fce2f0a99fae29a	docs/conformance/spec-009-conformance.md	0fde349a077750ebaf21e00c916535d54eaa0893da892b52d719a9e77ceed898	pass	recorded table text only; current disposition and evidence not validated
SPEC-009	EX-003	docs/specs/spec-009-execution-cycle-and-frame-handoff.md	8d53d94bdaccce954ee93d92a8d53b3d293230600c0bc5d49fce2f0a99fae29a	docs/conformance/spec-009-conformance.md	0fde349a077750ebaf21e00c916535d54eaa0893da892b52d719a9e77ceed898	pass	recorded table text only; current disposition and evidence not validated
SPEC-009	EX-004	docs/specs/spec-009-execution-cycle-and-frame-handoff.md	8d53d94bdaccce954ee93d92a8d53b3d293230600c0bc5d49fce2f0a99fae29a	docs/conformance/spec-009-conformance.md	0fde349a077750ebaf21e00c916535d54eaa0893da892b52d719a9e77ceed898	pass	recorded table text only; current disposition and evidence not validated
SPEC-009	EX-005	docs/specs/spec-009-execution-cycle-and-frame-handoff.md	8d53d94bdaccce954ee93d92a8d53b3d293230600c0bc5d49fce2f0a99fae29a	docs/conformance/spec-009-conformance.md	0fde349a077750ebaf21e00c916535d54eaa0893da892b52d719a9e77ceed898	pass	recorded table text only; current disposition and evidence not validated
SPEC-009	EX-006	docs/specs/spec-009-execution-cycle-and-frame-handoff.md	8d53d94bdaccce954ee93d92a8d53b3d293230600c0bc5d49fce2f0a99fae29a	docs/conformance/spec-009-conformance.md	0fde349a077750ebaf21e00c916535d54eaa0893da892b52d719a9e77ceed898	pass	recorded table text only; current disposition and evidence not validated
SPEC-009	EX-007	docs/specs/spec-009-execution-cycle-and-frame-handoff.md	8d53d94bdaccce954ee93d92a8d53b3d293230600c0bc5d49fce2f0a99fae29a	docs/conformance/spec-009-conformance.md	0fde349a077750ebaf21e00c916535d54eaa0893da892b52d719a9e77ceed898	pass	recorded table text only; current disposition and evidence not validated
SPEC-009	EX-008	docs/specs/spec-009-execution-cycle-and-frame-handoff.md	8d53d94bdaccce954ee93d92a8d53b3d293230600c0bc5d49fce2f0a99fae29a	docs/conformance/spec-009-conformance.md	0fde349a077750ebaf21e00c916535d54eaa0893da892b52d719a9e77ceed898	pass	recorded table text only; current disposition and evidence not validated
SPEC-009	EX-009	docs/specs/spec-009-execution-cycle-and-frame-handoff.md	8d53d94bdaccce954ee93d92a8d53b3d293230600c0bc5d49fce2f0a99fae29a	docs/conformance/spec-009-conformance.md	0fde349a077750ebaf21e00c916535d54eaa0893da892b52d719a9e77ceed898	pass	recorded table text only; current disposition and evidence not validated
SPEC-009	EX-010	docs/specs/spec-009-execution-cycle-and-frame-handoff.md	8d53d94bdaccce954ee93d92a8d53b3d293230600c0bc5d49fce2f0a99fae29a	docs/conformance/spec-009-conformance.md	0fde349a077750ebaf21e00c916535d54eaa0893da892b52d719a9e77ceed898	pass	recorded table text only; current disposition and evidence not validated
SPEC-009	EX-011	docs/specs/spec-009-execution-cycle-and-frame-handoff.md	8d53d94bdaccce954ee93d92a8d53b3d293230600c0bc5d49fce2f0a99fae29a	docs/conformance/spec-009-conformance.md	0fde349a077750ebaf21e00c916535d54eaa0893da892b52d719a9e77ceed898	pass	recorded table text only; current disposition and evidence not validated
SPEC-009	EX-012	docs/specs/spec-009-execution-cycle-and-frame-handoff.md	8d53d94bdaccce954ee93d92a8d53b3d293230600c0bc5d49fce2f0a99fae29a	docs/conformance/spec-009-conformance.md	0fde349a077750ebaf21e00c916535d54eaa0893da892b52d719a9e77ceed898	pass	recorded table text only; current disposition and evidence not validated
SPEC-009	EX-013	docs/specs/spec-009-execution-cycle-and-frame-handoff.md	8d53d94bdaccce954ee93d92a8d53b3d293230600c0bc5d49fce2f0a99fae29a	docs/conformance/spec-009-conformance.md	0fde349a077750ebaf21e00c916535d54eaa0893da892b52d719a9e77ceed898	pass	recorded table text only; current disposition and evidence not validated
SPEC-009	EX-014	docs/specs/spec-009-execution-cycle-and-frame-handoff.md	8d53d94bdaccce954ee93d92a8d53b3d293230600c0bc5d49fce2f0a99fae29a	docs/conformance/spec-009-conformance.md	0fde349a077750ebaf21e00c916535d54eaa0893da892b52d719a9e77ceed898	pass	recorded table text only; current disposition and evidence not validated
SPEC-010	OS-001	docs/specs/spec-010-observable-reference-state.md	f3e7694808190a1e380ab856dd1cfbdba24acc59eeea4fac75c342df495e08cc	docs/conformance/spec-010-conformance-report.md	f98c5d860e0c8bfd4af605b510afed8c986606c0380db7c6cfbde438550709da	pass	recorded table text only; current disposition and evidence not validated
SPEC-010	OS-002	docs/specs/spec-010-observable-reference-state.md	f3e7694808190a1e380ab856dd1cfbdba24acc59eeea4fac75c342df495e08cc	docs/conformance/spec-010-conformance-report.md	f98c5d860e0c8bfd4af605b510afed8c986606c0380db7c6cfbde438550709da	pass	recorded table text only; current disposition and evidence not validated
SPEC-010	OS-003	docs/specs/spec-010-observable-reference-state.md	f3e7694808190a1e380ab856dd1cfbdba24acc59eeea4fac75c342df495e08cc	docs/conformance/spec-010-conformance-report.md	f98c5d860e0c8bfd4af605b510afed8c986606c0380db7c6cfbde438550709da	pass	recorded table text only; current disposition and evidence not validated
SPEC-010	OS-004	docs/specs/spec-010-observable-reference-state.md	f3e7694808190a1e380ab856dd1cfbdba24acc59eeea4fac75c342df495e08cc	docs/conformance/spec-010-conformance-report.md	f98c5d860e0c8bfd4af605b510afed8c986606c0380db7c6cfbde438550709da	pass	recorded table text only; current disposition and evidence not validated
SPEC-010	OS-005	docs/specs/spec-010-observable-reference-state.md	f3e7694808190a1e380ab856dd1cfbdba24acc59eeea4fac75c342df495e08cc	docs/conformance/spec-010-conformance-report.md	f98c5d860e0c8bfd4af605b510afed8c986606c0380db7c6cfbde438550709da	pass	recorded table text only; current disposition and evidence not validated
SPEC-010	OS-006	docs/specs/spec-010-observable-reference-state.md	f3e7694808190a1e380ab856dd1cfbdba24acc59eeea4fac75c342df495e08cc	docs/conformance/spec-010-conformance-report.md	f98c5d860e0c8bfd4af605b510afed8c986606c0380db7c6cfbde438550709da	pass	recorded table text only; current disposition and evidence not validated
SPEC-010	OS-007	docs/specs/spec-010-observable-reference-state.md	f3e7694808190a1e380ab856dd1cfbdba24acc59eeea4fac75c342df495e08cc	docs/conformance/spec-010-conformance-report.md	f98c5d860e0c8bfd4af605b510afed8c986606c0380db7c6cfbde438550709da	pass	recorded table text only; current disposition and evidence not validated
SPEC-010	OS-008	docs/specs/spec-010-observable-reference-state.md	f3e7694808190a1e380ab856dd1cfbdba24acc59eeea4fac75c342df495e08cc	docs/conformance/spec-010-conformance-report.md	f98c5d860e0c8bfd4af605b510afed8c986606c0380db7c6cfbde438550709da	pass	recorded table text only; current disposition and evidence not validated
SPEC-010	OS-009	docs/specs/spec-010-observable-reference-state.md	f3e7694808190a1e380ab856dd1cfbdba24acc59eeea4fac75c342df495e08cc	docs/conformance/spec-010-conformance-report.md	f98c5d860e0c8bfd4af605b510afed8c986606c0380db7c6cfbde438550709da	pass	recorded table text only; current disposition and evidence not validated
SPEC-010	OS-010	docs/specs/spec-010-observable-reference-state.md	f3e7694808190a1e380ab856dd1cfbdba24acc59eeea4fac75c342df495e08cc	docs/conformance/spec-010-conformance-report.md	f98c5d860e0c8bfd4af605b510afed8c986606c0380db7c6cfbde438550709da	pass	recorded table text only; current disposition and evidence not validated
SPEC-010	OS-011	docs/specs/spec-010-observable-reference-state.md	f3e7694808190a1e380ab856dd1cfbdba24acc59eeea4fac75c342df495e08cc	docs/conformance/spec-010-conformance-report.md	f98c5d860e0c8bfd4af605b510afed8c986606c0380db7c6cfbde438550709da	pass	recorded table text only; current disposition and evidence not validated
SPEC-010	OS-012	docs/specs/spec-010-observable-reference-state.md	f3e7694808190a1e380ab856dd1cfbdba24acc59eeea4fac75c342df495e08cc	docs/conformance/spec-010-conformance-report.md	f98c5d860e0c8bfd4af605b510afed8c986606c0380db7c6cfbde438550709da	pass	recorded table text only; current disposition and evidence not validated
SPEC-011	IN-001	docs/specs/spec-011-interaction.md	40e27968ae675109f3b483f2a3bb5e0679afa40ebb58980cb0483a123a5b3a5b	docs/conformance/spec-011-conformance.md	7ffe5a46e15102c706e80aef6e02c75d959e88c9a51dc930b2455393782af09a	pass	recorded table text only; current disposition and evidence not validated
SPEC-011	IN-002	docs/specs/spec-011-interaction.md	40e27968ae675109f3b483f2a3bb5e0679afa40ebb58980cb0483a123a5b3a5b	docs/conformance/spec-011-conformance.md	7ffe5a46e15102c706e80aef6e02c75d959e88c9a51dc930b2455393782af09a	pass	recorded table text only; current disposition and evidence not validated
SPEC-011	IN-003	docs/specs/spec-011-interaction.md	40e27968ae675109f3b483f2a3bb5e0679afa40ebb58980cb0483a123a5b3a5b	docs/conformance/spec-011-conformance.md	7ffe5a46e15102c706e80aef6e02c75d959e88c9a51dc930b2455393782af09a	pass	recorded table text only; current disposition and evidence not validated
SPEC-011	IN-004	docs/specs/spec-011-interaction.md	40e27968ae675109f3b483f2a3bb5e0679afa40ebb58980cb0483a123a5b3a5b	docs/conformance/spec-011-conformance.md	7ffe5a46e15102c706e80aef6e02c75d959e88c9a51dc930b2455393782af09a	pass	recorded table text only; current disposition and evidence not validated
SPEC-011	IN-005	docs/specs/spec-011-interaction.md	40e27968ae675109f3b483f2a3bb5e0679afa40ebb58980cb0483a123a5b3a5b	docs/conformance/spec-011-conformance.md	7ffe5a46e15102c706e80aef6e02c75d959e88c9a51dc930b2455393782af09a	pass	recorded table text only; current disposition and evidence not validated
SPEC-011	IN-006	docs/specs/spec-011-interaction.md	40e27968ae675109f3b483f2a3bb5e0679afa40ebb58980cb0483a123a5b3a5b	docs/conformance/spec-011-conformance.md	7ffe5a46e15102c706e80aef6e02c75d959e88c9a51dc930b2455393782af09a	pass	recorded table text only; current disposition and evidence not validated
SPEC-011	IN-007	docs/specs/spec-011-interaction.md	40e27968ae675109f3b483f2a3bb5e0679afa40ebb58980cb0483a123a5b3a5b	docs/conformance/spec-011-conformance.md	7ffe5a46e15102c706e80aef6e02c75d959e88c9a51dc930b2455393782af09a	pass	recorded table text only; current disposition and evidence not validated
SPEC-011	IN-008	docs/specs/spec-011-interaction.md	40e27968ae675109f3b483f2a3bb5e0679afa40ebb58980cb0483a123a5b3a5b	docs/conformance/spec-011-conformance.md	7ffe5a46e15102c706e80aef6e02c75d959e88c9a51dc930b2455393782af09a	pass	recorded table text only; current disposition and evidence not validated
SPEC-011	IN-009	docs/specs/spec-011-interaction.md	40e27968ae675109f3b483f2a3bb5e0679afa40ebb58980cb0483a123a5b3a5b	docs/conformance/spec-011-conformance.md	7ffe5a46e15102c706e80aef6e02c75d959e88c9a51dc930b2455393782af09a	pass	recorded table text only; current disposition and evidence not validated
SPEC-011	IN-010	docs/specs/spec-011-interaction.md	40e27968ae675109f3b483f2a3bb5e0679afa40ebb58980cb0483a123a5b3a5b	docs/conformance/spec-011-conformance.md	7ffe5a46e15102c706e80aef6e02c75d959e88c9a51dc930b2455393782af09a	pass	recorded table text only; current disposition and evidence not validated
SPEC-011	IN-011	docs/specs/spec-011-interaction.md	40e27968ae675109f3b483f2a3bb5e0679afa40ebb58980cb0483a123a5b3a5b	docs/conformance/spec-011-conformance.md	7ffe5a46e15102c706e80aef6e02c75d959e88c9a51dc930b2455393782af09a	pass	recorded table text only; current disposition and evidence not validated
SPEC-011	IN-012	docs/specs/spec-011-interaction.md	40e27968ae675109f3b483f2a3bb5e0679afa40ebb58980cb0483a123a5b3a5b	docs/conformance/spec-011-conformance.md	7ffe5a46e15102c706e80aef6e02c75d959e88c9a51dc930b2455393782af09a	pass	recorded table text only; current disposition and evidence not validated
SPEC-011	IN-013	docs/specs/spec-011-interaction.md	40e27968ae675109f3b483f2a3bb5e0679afa40ebb58980cb0483a123a5b3a5b	docs/conformance/spec-011-conformance.md	7ffe5a46e15102c706e80aef6e02c75d959e88c9a51dc930b2455393782af09a	pass	recorded table text only; current disposition and evidence not validated
SPEC-012	DR-001	docs/specs/spec-012-canvas-path-stroke-drawing.md	88c0af9215f7ebc259c0ac85aabc433e005cea60ded3596b7d335f753aec9306	docs/conformance/spec-012-conformance.md	2f159bb9b82a4970f7c77fca9fa3a8d52164eddf534c4da8123d1ae7e4ae3c3f	pass	recorded table text only; current disposition and evidence not validated
SPEC-012	DR-002	docs/specs/spec-012-canvas-path-stroke-drawing.md	88c0af9215f7ebc259c0ac85aabc433e005cea60ded3596b7d335f753aec9306	docs/conformance/spec-012-conformance.md	2f159bb9b82a4970f7c77fca9fa3a8d52164eddf534c4da8123d1ae7e4ae3c3f	pass	recorded table text only; current disposition and evidence not validated
SPEC-012	DR-003	docs/specs/spec-012-canvas-path-stroke-drawing.md	88c0af9215f7ebc259c0ac85aabc433e005cea60ded3596b7d335f753aec9306	docs/conformance/spec-012-conformance.md	2f159bb9b82a4970f7c77fca9fa3a8d52164eddf534c4da8123d1ae7e4ae3c3f	pass	recorded table text only; current disposition and evidence not validated
SPEC-012	DR-004	docs/specs/spec-012-canvas-path-stroke-drawing.md	88c0af9215f7ebc259c0ac85aabc433e005cea60ded3596b7d335f753aec9306	docs/conformance/spec-012-conformance.md	2f159bb9b82a4970f7c77fca9fa3a8d52164eddf534c4da8123d1ae7e4ae3c3f	pass	recorded table text only; current disposition and evidence not validated
SPEC-012	DR-005	docs/specs/spec-012-canvas-path-stroke-drawing.md	88c0af9215f7ebc259c0ac85aabc433e005cea60ded3596b7d335f753aec9306	docs/conformance/spec-012-conformance.md	2f159bb9b82a4970f7c77fca9fa3a8d52164eddf534c4da8123d1ae7e4ae3c3f	pass	recorded table text only; current disposition and evidence not validated
SPEC-012	DR-006	docs/specs/spec-012-canvas-path-stroke-drawing.md	88c0af9215f7ebc259c0ac85aabc433e005cea60ded3596b7d335f753aec9306	docs/conformance/spec-012-conformance.md	2f159bb9b82a4970f7c77fca9fa3a8d52164eddf534c4da8123d1ae7e4ae3c3f	pass	recorded table text only; current disposition and evidence not validated
SPEC-012	DR-007	docs/specs/spec-012-canvas-path-stroke-drawing.md	88c0af9215f7ebc259c0ac85aabc433e005cea60ded3596b7d335f753aec9306	docs/conformance/spec-012-conformance.md	2f159bb9b82a4970f7c77fca9fa3a8d52164eddf534c4da8123d1ae7e4ae3c3f	pass	recorded table text only; current disposition and evidence not validated
SPEC-012	DR-008	docs/specs/spec-012-canvas-path-stroke-drawing.md	88c0af9215f7ebc259c0ac85aabc433e005cea60ded3596b7d335f753aec9306	docs/conformance/spec-012-conformance.md	2f159bb9b82a4970f7c77fca9fa3a8d52164eddf534c4da8123d1ae7e4ae3c3f	pass	recorded table text only; current disposition and evidence not validated
SPEC-012	DR-009	docs/specs/spec-012-canvas-path-stroke-drawing.md	88c0af9215f7ebc259c0ac85aabc433e005cea60ded3596b7d335f753aec9306	docs/conformance/spec-012-conformance.md	2f159bb9b82a4970f7c77fca9fa3a8d52164eddf534c4da8123d1ae7e4ae3c3f	pass	recorded table text only; current disposition and evidence not validated
SPEC-012	DR-010	docs/specs/spec-012-canvas-path-stroke-drawing.md	88c0af9215f7ebc259c0ac85aabc433e005cea60ded3596b7d335f753aec9306	docs/conformance/spec-012-conformance.md	2f159bb9b82a4970f7c77fca9fa3a8d52164eddf534c4da8123d1ae7e4ae3c3f	pass	recorded table text only; current disposition and evidence not validated
SPEC-012	DR-011	docs/specs/spec-012-canvas-path-stroke-drawing.md	88c0af9215f7ebc259c0ac85aabc433e005cea60ded3596b7d335f753aec9306	docs/conformance/spec-012-conformance.md	2f159bb9b82a4970f7c77fca9fa3a8d52164eddf534c4da8123d1ae7e4ae3c3f	pass	recorded table text only; current disposition and evidence not validated
SPEC-012	DR-012	docs/specs/spec-012-canvas-path-stroke-drawing.md	88c0af9215f7ebc259c0ac85aabc433e005cea60ded3596b7d335f753aec9306	docs/conformance/spec-012-conformance.md	2f159bb9b82a4970f7c77fca9fa3a8d52164eddf534c4da8123d1ae7e4ae3c3f	pass	recorded table text only; current disposition and evidence not validated
SPEC-012	DR-013	docs/specs/spec-012-canvas-path-stroke-drawing.md	88c0af9215f7ebc259c0ac85aabc433e005cea60ded3596b7d335f753aec9306	docs/conformance/spec-012-conformance.md	2f159bb9b82a4970f7c77fca9fa3a8d52164eddf534c4da8123d1ae7e4ae3c3f	pass	recorded table text only; current disposition and evidence not validated
SPEC-013	RP-001	docs/specs/spec-013-runtime-profiles.md	8b741e91a271372ecf65bd279123975d058879d213ffaa24a8cd235f3647d0e5	docs/conformance/spec-013-conformance.md	c7675618f25ae758530322b7e7b090d30aa8e0bad8511c42596b826f2ea88bdd	pass	recorded table text only; current disposition and evidence not validated
SPEC-013	RP-002	docs/specs/spec-013-runtime-profiles.md	8b741e91a271372ecf65bd279123975d058879d213ffaa24a8cd235f3647d0e5	docs/conformance/spec-013-conformance.md	c7675618f25ae758530322b7e7b090d30aa8e0bad8511c42596b826f2ea88bdd	pass	recorded table text only; current disposition and evidence not validated
SPEC-013	RP-003	docs/specs/spec-013-runtime-profiles.md	8b741e91a271372ecf65bd279123975d058879d213ffaa24a8cd235f3647d0e5	docs/conformance/spec-013-conformance.md	c7675618f25ae758530322b7e7b090d30aa8e0bad8511c42596b826f2ea88bdd	pass	recorded table text only; current disposition and evidence not validated
SPEC-013	RP-004	docs/specs/spec-013-runtime-profiles.md	8b741e91a271372ecf65bd279123975d058879d213ffaa24a8cd235f3647d0e5	docs/conformance/spec-013-conformance.md	c7675618f25ae758530322b7e7b090d30aa8e0bad8511c42596b826f2ea88bdd	pass	recorded table text only; current disposition and evidence not validated
SPEC-013	RP-005	docs/specs/spec-013-runtime-profiles.md	8b741e91a271372ecf65bd279123975d058879d213ffaa24a8cd235f3647d0e5	docs/conformance/spec-013-conformance.md	c7675618f25ae758530322b7e7b090d30aa8e0bad8511c42596b826f2ea88bdd	pass	recorded table text only; current disposition and evidence not validated
SPEC-013	RP-006	docs/specs/spec-013-runtime-profiles.md	8b741e91a271372ecf65bd279123975d058879d213ffaa24a8cd235f3647d0e5	docs/conformance/spec-013-conformance.md	c7675618f25ae758530322b7e7b090d30aa8e0bad8511c42596b826f2ea88bdd	pass	recorded table text only; current disposition and evidence not validated
SPEC-013	RP-007	docs/specs/spec-013-runtime-profiles.md	8b741e91a271372ecf65bd279123975d058879d213ffaa24a8cd235f3647d0e5	docs/conformance/spec-013-conformance.md	c7675618f25ae758530322b7e7b090d30aa8e0bad8511c42596b826f2ea88bdd	pass	recorded table text only; current disposition and evidence not validated
SPEC-013	RP-008	docs/specs/spec-013-runtime-profiles.md	8b741e91a271372ecf65bd279123975d058879d213ffaa24a8cd235f3647d0e5	docs/conformance/spec-013-conformance.md	c7675618f25ae758530322b7e7b090d30aa8e0bad8511c42596b826f2ea88bdd	pass	recorded table text only; current disposition and evidence not validated
SPEC-013	RP-009	docs/specs/spec-013-runtime-profiles.md	8b741e91a271372ecf65bd279123975d058879d213ffaa24a8cd235f3647d0e5	docs/conformance/spec-013-conformance.md	c7675618f25ae758530322b7e7b090d30aa8e0bad8511c42596b826f2ea88bdd	pass	recorded table text only; current disposition and evidence not validated
SPEC-013	RP-010	docs/specs/spec-013-runtime-profiles.md	8b741e91a271372ecf65bd279123975d058879d213ffaa24a8cd235f3647d0e5	docs/conformance/spec-013-conformance.md	c7675618f25ae758530322b7e7b090d30aa8e0bad8511c42596b826f2ea88bdd	pass	recorded table text only; current disposition and evidence not validated
SPEC-013	RP-011	docs/specs/spec-013-runtime-profiles.md	8b741e91a271372ecf65bd279123975d058879d213ffaa24a8cd235f3647d0e5	docs/conformance/spec-013-conformance.md	c7675618f25ae758530322b7e7b090d30aa8e0bad8511c42596b826f2ea88bdd	pass	recorded table text only; current disposition and evidence not validated
SPEC-013	RP-012	docs/specs/spec-013-runtime-profiles.md	8b741e91a271372ecf65bd279123975d058879d213ffaa24a8cd235f3647d0e5	docs/conformance/spec-013-conformance.md	c7675618f25ae758530322b7e7b090d30aa8e0bad8511c42596b826f2ea88bdd	pass	recorded table text only; current disposition and evidence not validated
SPEC-013	RP-013	docs/specs/spec-013-runtime-profiles.md	8b741e91a271372ecf65bd279123975d058879d213ffaa24a8cd235f3647d0e5	docs/conformance/spec-013-conformance.md	c7675618f25ae758530322b7e7b090d30aa8e0bad8511c42596b826f2ea88bdd	pass	recorded table text only; current disposition and evidence not validated
SPEC-013	RP-014	docs/specs/spec-013-runtime-profiles.md	8b741e91a271372ecf65bd279123975d058879d213ffaa24a8cd235f3647d0e5	docs/conformance/spec-013-conformance.md	c7675618f25ae758530322b7e7b090d30aa8e0bad8511c42596b826f2ea88bdd	pass	recorded table text only; current disposition and evidence not validated
SPEC-013	RP-015	docs/specs/spec-013-runtime-profiles.md	8b741e91a271372ecf65bd279123975d058879d213ffaa24a8cd235f3647d0e5	docs/conformance/spec-013-conformance.md	c7675618f25ae758530322b7e7b090d30aa8e0bad8511c42596b826f2ea88bdd	pass	recorded table text only; current disposition and evidence not validated
SPEC-014	BI-001	docs/specs/spec-014-backend-integration.md	60848c50dd2e3ce9c2aa52129bb050f95c5993849f823362a9b556d489031ce7	docs/conformance/spec-014-conformance.md	38eaa95c2c7a0a4356ece919b0ee47bfd3cdc13698ce8c46e064b2fff76a9941	pass	recorded table text only; current disposition and evidence not validated
SPEC-014	BI-002	docs/specs/spec-014-backend-integration.md	60848c50dd2e3ce9c2aa52129bb050f95c5993849f823362a9b556d489031ce7	docs/conformance/spec-014-conformance.md	38eaa95c2c7a0a4356ece919b0ee47bfd3cdc13698ce8c46e064b2fff76a9941	pass	recorded table text only; current disposition and evidence not validated
SPEC-014	BI-003	docs/specs/spec-014-backend-integration.md	60848c50dd2e3ce9c2aa52129bb050f95c5993849f823362a9b556d489031ce7	docs/conformance/spec-014-conformance.md	38eaa95c2c7a0a4356ece919b0ee47bfd3cdc13698ce8c46e064b2fff76a9941	pass	recorded table text only; current disposition and evidence not validated
SPEC-014	BI-004	docs/specs/spec-014-backend-integration.md	60848c50dd2e3ce9c2aa52129bb050f95c5993849f823362a9b556d489031ce7	docs/conformance/spec-014-conformance.md	38eaa95c2c7a0a4356ece919b0ee47bfd3cdc13698ce8c46e064b2fff76a9941	pass	recorded table text only; current disposition and evidence not validated
SPEC-014	BI-005	docs/specs/spec-014-backend-integration.md	60848c50dd2e3ce9c2aa52129bb050f95c5993849f823362a9b556d489031ce7	docs/conformance/spec-014-conformance.md	38eaa95c2c7a0a4356ece919b0ee47bfd3cdc13698ce8c46e064b2fff76a9941	pass	recorded table text only; current disposition and evidence not validated
SPEC-014	BI-006	docs/specs/spec-014-backend-integration.md	60848c50dd2e3ce9c2aa52129bb050f95c5993849f823362a9b556d489031ce7	docs/conformance/spec-014-conformance.md	38eaa95c2c7a0a4356ece919b0ee47bfd3cdc13698ce8c46e064b2fff76a9941	pass	recorded table text only; current disposition and evidence not validated
SPEC-014	BI-007	docs/specs/spec-014-backend-integration.md	60848c50dd2e3ce9c2aa52129bb050f95c5993849f823362a9b556d489031ce7	docs/conformance/spec-014-conformance.md	38eaa95c2c7a0a4356ece919b0ee47bfd3cdc13698ce8c46e064b2fff76a9941	pass	recorded table text only; current disposition and evidence not validated
SPEC-014	BI-008	docs/specs/spec-014-backend-integration.md	60848c50dd2e3ce9c2aa52129bb050f95c5993849f823362a9b556d489031ce7	docs/conformance/spec-014-conformance.md	38eaa95c2c7a0a4356ece919b0ee47bfd3cdc13698ce8c46e064b2fff76a9941	pass	recorded table text only; current disposition and evidence not validated
SPEC-014	BI-009	docs/specs/spec-014-backend-integration.md	60848c50dd2e3ce9c2aa52129bb050f95c5993849f823362a9b556d489031ce7	docs/conformance/spec-014-conformance.md	38eaa95c2c7a0a4356ece919b0ee47bfd3cdc13698ce8c46e064b2fff76a9941	pass	recorded table text only; current disposition and evidence not validated
SPEC-014	BI-010	docs/specs/spec-014-backend-integration.md	60848c50dd2e3ce9c2aa52129bb050f95c5993849f823362a9b556d489031ce7	docs/conformance/spec-014-conformance.md	38eaa95c2c7a0a4356ece919b0ee47bfd3cdc13698ce8c46e064b2fff76a9941	pass	recorded table text only; current disposition and evidence not validated
SPEC-014	BI-011	docs/specs/spec-014-backend-integration.md	60848c50dd2e3ce9c2aa52129bb050f95c5993849f823362a9b556d489031ce7	docs/conformance/spec-014-conformance.md	38eaa95c2c7a0a4356ece919b0ee47bfd3cdc13698ce8c46e064b2fff76a9941	pass	recorded table text only; current disposition and evidence not validated
SPEC-014	BI-012	docs/specs/spec-014-backend-integration.md	60848c50dd2e3ce9c2aa52129bb050f95c5993849f823362a9b556d489031ce7	docs/conformance/spec-014-conformance.md	38eaa95c2c7a0a4356ece919b0ee47bfd3cdc13698ce8c46e064b2fff76a9941	pass	recorded table text only; current disposition and evidence not validated
SPEC-014	BI-013	docs/specs/spec-014-backend-integration.md	60848c50dd2e3ce9c2aa52129bb050f95c5993849f823362a9b556d489031ce7	docs/conformance/spec-014-conformance.md	38eaa95c2c7a0a4356ece919b0ee47bfd3cdc13698ce8c46e064b2fff76a9941	pass	recorded table text only; current disposition and evidence not validated
SPEC-014	BI-014	docs/specs/spec-014-backend-integration.md	60848c50dd2e3ce9c2aa52129bb050f95c5993849f823362a9b556d489031ce7	docs/conformance/spec-014-conformance.md	38eaa95c2c7a0a4356ece919b0ee47bfd3cdc13698ce8c46e064b2fff76a9941	pass	recorded table text only; current disposition and evidence not validated
SPEC-014	BI-015	docs/specs/spec-014-backend-integration.md	60848c50dd2e3ce9c2aa52129bb050f95c5993849f823362a9b556d489031ce7	docs/conformance/spec-014-conformance.md	38eaa95c2c7a0a4356ece919b0ee47bfd3cdc13698ce8c46e064b2fff76a9941	pass	recorded table text only; current disposition and evidence not validated
SPEC-015	HC-001	docs/specs/spec-015-host-configuration.md	d61ae38251d6fca0cb459717f72e94456bf32d442267775ae1e9b0169c0238ac	docs/conformance/spec-015-conformance.md	c5834ad2444e0b3119500d3e624c1818c1904140d803468015c38a6c88cbdcd2	pass	recorded table text only; current disposition and evidence not validated
SPEC-015	HC-002	docs/specs/spec-015-host-configuration.md	d61ae38251d6fca0cb459717f72e94456bf32d442267775ae1e9b0169c0238ac	docs/conformance/spec-015-conformance.md	c5834ad2444e0b3119500d3e624c1818c1904140d803468015c38a6c88cbdcd2	pass	recorded table text only; current disposition and evidence not validated
SPEC-015	HC-003	docs/specs/spec-015-host-configuration.md	d61ae38251d6fca0cb459717f72e94456bf32d442267775ae1e9b0169c0238ac	docs/conformance/spec-015-conformance.md	c5834ad2444e0b3119500d3e624c1818c1904140d803468015c38a6c88cbdcd2	pass	recorded table text only; current disposition and evidence not validated
SPEC-015	HC-004	docs/specs/spec-015-host-configuration.md	d61ae38251d6fca0cb459717f72e94456bf32d442267775ae1e9b0169c0238ac	docs/conformance/spec-015-conformance.md	c5834ad2444e0b3119500d3e624c1818c1904140d803468015c38a6c88cbdcd2	pass	recorded table text only; current disposition and evidence not validated
SPEC-015	HC-005	docs/specs/spec-015-host-configuration.md	d61ae38251d6fca0cb459717f72e94456bf32d442267775ae1e9b0169c0238ac	docs/conformance/spec-015-conformance.md	c5834ad2444e0b3119500d3e624c1818c1904140d803468015c38a6c88cbdcd2	pass	recorded table text only; current disposition and evidence not validated
SPEC-015	HC-006	docs/specs/spec-015-host-configuration.md	d61ae38251d6fca0cb459717f72e94456bf32d442267775ae1e9b0169c0238ac	docs/conformance/spec-015-conformance.md	c5834ad2444e0b3119500d3e624c1818c1904140d803468015c38a6c88cbdcd2	pass	recorded table text only; current disposition and evidence not validated
SPEC-015	HC-007	docs/specs/spec-015-host-configuration.md	d61ae38251d6fca0cb459717f72e94456bf32d442267775ae1e9b0169c0238ac	docs/conformance/spec-015-conformance.md	c5834ad2444e0b3119500d3e624c1818c1904140d803468015c38a6c88cbdcd2	pass	recorded table text only; current disposition and evidence not validated
SPEC-015	HC-008	docs/specs/spec-015-host-configuration.md	d61ae38251d6fca0cb459717f72e94456bf32d442267775ae1e9b0169c0238ac	docs/conformance/spec-015-conformance.md	c5834ad2444e0b3119500d3e624c1818c1904140d803468015c38a6c88cbdcd2	pass	recorded table text only; current disposition and evidence not validated
SPEC-015	HC-009	docs/specs/spec-015-host-configuration.md	d61ae38251d6fca0cb459717f72e94456bf32d442267775ae1e9b0169c0238ac	docs/conformance/spec-015-conformance.md	c5834ad2444e0b3119500d3e624c1818c1904140d803468015c38a6c88cbdcd2	pass	recorded table text only; current disposition and evidence not validated
SPEC-015	HC-010	docs/specs/spec-015-host-configuration.md	d61ae38251d6fca0cb459717f72e94456bf32d442267775ae1e9b0169c0238ac	docs/conformance/spec-015-conformance.md	c5834ad2444e0b3119500d3e624c1818c1904140d803468015c38a6c88cbdcd2	pass	recorded table text only; current disposition and evidence not validated
SPEC-015	HC-011	docs/specs/spec-015-host-configuration.md	d61ae38251d6fca0cb459717f72e94456bf32d442267775ae1e9b0169c0238ac	docs/conformance/spec-015-conformance.md	c5834ad2444e0b3119500d3e624c1818c1904140d803468015c38a6c88cbdcd2	pass	recorded table text only; current disposition and evidence not validated
SPEC-015	HC-012	docs/specs/spec-015-host-configuration.md	d61ae38251d6fca0cb459717f72e94456bf32d442267775ae1e9b0169c0238ac	docs/conformance/spec-015-conformance.md	c5834ad2444e0b3119500d3e624c1818c1904140d803468015c38a6c88cbdcd2	pass	recorded table text only; current disposition and evidence not validated
SPEC-015	HC-013	docs/specs/spec-015-host-configuration.md	d61ae38251d6fca0cb459717f72e94456bf32d442267775ae1e9b0169c0238ac	docs/conformance/spec-015-conformance.md	c5834ad2444e0b3119500d3e624c1818c1904140d803468015c38a6c88cbdcd2	pass	recorded table text only; current disposition and evidence not validated
SPEC-015	HC-014	docs/specs/spec-015-host-configuration.md	d61ae38251d6fca0cb459717f72e94456bf32d442267775ae1e9b0169c0238ac	docs/conformance/spec-015-conformance.md	c5834ad2444e0b3119500d3e624c1818c1904140d803468015c38a6c88cbdcd2	pass	recorded table text only; current disposition and evidence not validated
SPEC-015	HC-015	docs/specs/spec-015-host-configuration.md	d61ae38251d6fca0cb459717f72e94456bf32d442267775ae1e9b0169c0238ac	docs/conformance/spec-015-conformance.md	c5834ad2444e0b3119500d3e624c1818c1904140d803468015c38a6c88cbdcd2	pass	recorded table text only; current disposition and evidence not validated
SPEC-015	HC-016	docs/specs/spec-015-host-configuration.md	d61ae38251d6fca0cb459717f72e94456bf32d442267775ae1e9b0169c0238ac	docs/conformance/spec-015-conformance.md	c5834ad2444e0b3119500d3e624c1818c1904140d803468015c38a6c88cbdcd2	pass	recorded table text only; current disposition and evidence not validated
SPEC-015	HC-017	docs/specs/spec-015-host-configuration.md	d61ae38251d6fca0cb459717f72e94456bf32d442267775ae1e9b0169c0238ac	docs/conformance/spec-015-conformance.md	c5834ad2444e0b3119500d3e624c1818c1904140d803468015c38a6c88cbdcd2	pass	recorded table text only; current disposition and evidence not validated
SPEC-015	HC-018	docs/specs/spec-015-host-configuration.md	d61ae38251d6fca0cb459717f72e94456bf32d442267775ae1e9b0169c0238ac	docs/conformance/spec-015-conformance.md	c5834ad2444e0b3119500d3e624c1818c1904140d803468015c38a6c88cbdcd2	pass	recorded table text only; current disposition and evidence not validated
