path	line	expression	purpose	disposition_and_validation
Sources/GiftUI/Canvas.swift	4	GIFTUI_DYNAMIC_PROFILE	profile declaration	retain Dynamic closure exclusion from Static public declaration; contract change required
Sources/GiftUI/Canvas.swift	19	GIFTUI_DYNAMIC_PROFILE	profile declaration	retain Dynamic closure exclusion from Static public declaration; contract change required
Sources/GiftUI/Canvas.swift	40	GIFTUI_DYNAMIC_PROFILE	profile declaration	retain Dynamic closure exclusion from Static public declaration; contract change required
Sources/GiftUICapabilities/GiftUICapabilities.swift	439	GIFTUI_CAPABILITY_INSTRUMENTATION	instrumentation	retain exclusion of counters from uninstrumented builds; consider separate realization
Sources/GiftUICapabilities/GiftUICapabilities.swift	500	GIFTUI_CAPABILITY_INSTRUMENTATION	instrumentation	retain exclusion of counters from uninstrumented builds; consider separate realization
Sources/GiftUICapabilities/GiftUICapabilities.swift	668	GIFTUI_CAPABILITY_INSTRUMENTATION	instrumentation	retain exclusion of counters from uninstrumented builds; consider separate realization
Sources/GiftUICapabilities/GiftUICapabilities.swift	686	GIFTUI_CAPABILITY_INSTRUMENTATION	instrumentation	retain exclusion of counters from uninstrumented builds; consider separate realization
Sources/GiftUICapabilities/GiftUICapabilities.swift	948	GIFTUI_CAPABILITY_INSTRUMENTATION	instrumentation	retain exclusion of counters from uninstrumented builds; consider separate realization
Sources/GiftUIFailureDiagnostics/GiftUIFixedDiagnosticBuffer.swift	7	(GIFTUI_DIAGNOSTICS_CAPACITY_ZERO && GIFTUI_DIAGNOSTICS_CAPACITY_8) || (GIFTUI_DIAGNOSTICS_CAPACITY_ZERO && GIFTUI_DIAGNOSTICS_CAPACITY_16) || (GIFTUI_DIAGNOSTICS_CAPACITY_ZERO && GIFTUI_DIAGNOSTICS_CAPACITY_64) || (GIFTUI_DIAGNOSTICS_CAPACITY_8 && GIFTUI_DIAGNOSTICS_CAPACITY_16) || (GIFTUI_DIAGNOSTICS_CAPACITY_8 && GIFTUI_DIAGNOSTICS_CAPACITY_64) || (GIFTUI_DIAGNOSTICS_CAPACITY_16 && GIFTUI_DIAGNOSTICS_CAPACITY_64)	diagnostic storage selection	retain bounded tuple capacities and conflicting-flag rejection
Sources/GiftUIFailureDiagnostics/GiftUIFixedDiagnosticBuffer.swift	15	GIFTUI_DIAGNOSTICS_CAPACITY_ZERO	diagnostic storage selection	retain bounded tuple capacities and conflicting-flag rejection
Sources/GiftUIPlatformRaspberryPi/LinuxPiScreenDevices.swift	1	os(Linux)	platform selection	file-level selection candidate where possible; retain OS APIs and native rehearsal distinction
Sources/GiftUIPlatformRaspberryPi/LinuxPiScreenExercise.swift	1	os(Linux)	platform selection	file-level selection candidate where possible; retain OS APIs and native rehearsal distinction
Sources/GiftUIRasterCore/RasterStrokeCoverage.swift	21	GIFTUI_NRF_EMBEDDED	profile arithmetic	retain Embedded division fallback and Dynamic specialization; require pixel and forbidden-symbol parity
Sources/GiftUIRasterCore/RasterStrokeCoverage.swift	48	GIFTUI_NRF_EMBEDDED	profile arithmetic	retain Embedded division fallback and Dynamic specialization; require pixel and forbidden-symbol parity
Sources/GiftUIRasterCore/RasterStrokeCoverage.swift	100	GIFTUI_DYNAMIC_PROFILE && !GIFTUI_NRF_EMBEDDED	profile arithmetic	retain Embedded division fallback and Dynamic specialization; require pixel and forbidden-symbol parity
Sources/GiftUIRasterCore/RasterStrokeCoverage.swift	116	GIFTUI_NRF_EMBEDDED	profile arithmetic	retain Embedded division fallback and Dynamic specialization; require pixel and forbidden-symbol parity
Sources/GiftUIRasterCore/RasterStrokeCoverage.swift	155	GIFTUI_DYNAMIC_PROFILE && !GIFTUI_NRF_EMBEDDED	profile arithmetic	retain Embedded division fallback and Dynamic specialization; require pixel and forbidden-symbol parity
Sources/GiftUIReferenceTextResources/GiftUIReferenceTextResources.swift	3	GIFTUI_REFERENCE_BITMAP_ONLY && GIFTUI_REFERENCE_OUTLINE_ONLY	resource payload selection	retain bitmap/outline exclusion and mutually exclusive configuration checks
Sources/GiftUIReferenceTextResources/GiftUIReferenceTextResources.swift	78	GIFTUI_REFERENCE_OUTLINE_ONLY	resource payload selection	retain bitmap/outline exclusion and mutually exclusive configuration checks
Sources/GiftUIReferenceTextResources/GiftUIReferenceTextResources.swift	84	GIFTUI_REFERENCE_BITMAP_ONLY	resource payload selection	retain bitmap/outline exclusion and mutually exclusive configuration checks
Sources/GiftUIReferenceTextResources/GiftUIReferenceTextResources.swift	106	GIFTUI_REFERENCE_OUTLINE_ONLY	resource payload selection	retain bitmap/outline exclusion and mutually exclusive configuration checks
Sources/GiftUIReferenceTextResources/GiftUIReferenceTextResources.swift	119	GIFTUI_REFERENCE_BITMAP_ONLY	resource payload selection	retain bitmap/outline exclusion and mutually exclusive configuration checks
Sources/GiftUIReferenceTextResources/GiftUIReferenceTextResources.swift	150	!GIFTUI_REFERENCE_BITMAP_ONLY && !GIFTUI_REFERENCE_OUTLINE_ONLY	resource payload selection	retain bitmap/outline exclusion and mutually exclusive configuration checks
Sources/SignalAnalyzerRaspberryPiARMv6/LinuxSignalAnalyzerPiInputPump.swift	1	os(Linux)	platform selection	file-level selection candidate where possible; retain OS APIs and native rehearsal distinction
Sources/SignalAnalyzerRaspberryPiARMv6/LinuxSignalAnalyzerPiProcessLoop.swift	1	os(Linux)	platform selection	file-level selection candidate where possible; retain OS APIs and native rehearsal distinction
Sources/SignalAnalyzerRaspberryPiARMv6/PiHostNativeRehearsal.swift	10	os(macOS)	platform selection	file-level selection candidate where possible; retain OS APIs and native rehearsal distinction
Sources/SignalAnalyzerRaspberryPiARMv6/PiHostNativeRehearsal.swift	33	os(macOS)	platform selection	file-level selection candidate where possible; retain OS APIs and native rehearsal distinction
Sources/SignalAnalyzerRaspberryPiARMv6/PiHostNativeRehearsal.swift	219	os(macOS)	platform selection	file-level selection candidate where possible; retain OS APIs and native rehearsal distinction
Sources/SignalAnalyzerRaspberryPiARMv6/PiHostNativeRehearsal.swift	243	os(macOS)	platform selection	file-level selection candidate where possible; retain OS APIs and native rehearsal distinction
Sources/SignalAnalyzerRaspberryPiARMv6/PiHostNativeRehearsal.swift	275	os(macOS)	platform selection	file-level selection candidate where possible; retain OS APIs and native rehearsal distinction
Sources/SignalAnalyzerRaspberryPiARMv6/PiHostNativeRehearsal.swift	369	os(macOS)	platform selection	file-level selection candidate where possible; retain OS APIs and native rehearsal distinction
Sources/SignalAnalyzerRaspberryPiARMv6/main.swift	5	canImport(Darwin)	platform selection	file-level selection candidate where possible; retain OS APIs and native rehearsal distinction
Sources/SignalAnalyzerRaspberryPiARMv6/main.swift	20	os(Linux)	platform selection	file-level selection candidate where possible; retain OS APIs and native rehearsal distinction
Sources/SignalAnalyzerRaspberryPiARMv6/main.swift	24	os(Linux)	platform selection	file-level selection candidate where possible; retain OS APIs and native rehearsal distinction
Sources/SignalAnalyzerTargetHost/DynamicSignalAnalyzerPiInitialPresentationOwner.swift	14	os(Linux)	platform selection	file-level selection candidate where possible; retain OS APIs and native rehearsal distinction
Sources/SignalAnalyzerTargetHost/DynamicSignalAnalyzerPiLifecycleOwner.swift	110	os(macOS)	platform selection	file-level selection candidate where possible; retain OS APIs and native rehearsal distinction
Sources/SignalAnalyzerTargetHost/Generated/StaticSignalAnalyzerNRFPackedSemanticRecords.generated.swift	188	!GIFTUI_NRF_EMBEDDED	native helper exclusion	retain collection/helper exclusion from Embedded production; change generator and closure together
Sources/SignalAnalyzerTargetHost/Generated/StaticSignalAnalyzerNRFTopologyWriter.generated.swift	278	!GIFTUI_NRF_EMBEDDED	native helper exclusion	retain collection/helper exclusion from Embedded production; change generator and closure together
Sources/SignalAnalyzerTargetHost/Generated/StaticSignalAnalyzerNRFUTF8TextPool.generated.swift	3	!GIFTUI_NRF_EMBEDDED	native helper exclusion	retain collection/helper exclusion from Embedded production; change generator and closure together
Sources/SignalAnalyzerTargetHost/Generated/StaticSignalAnalyzerNRFUTF8TextPool.generated.swift	33	!GIFTUI_NRF_EMBEDDED	native helper exclusion	retain collection/helper exclusion from Embedded production; change generator and closure together
Sources/SignalAnalyzerTargetHost/StaticSignalAnalyzerNRFCommonLayoutPass.swift	1	GIFTUI_NRF_EMBEDDED	embedded source selection	file-level guards are source-selection candidates; preserve native rehearsal and Embedded closure
Sources/SignalAnalyzerTargetHost/StaticSignalAnalyzerNRFCommonLayoutWorkspace.swift	1	GIFTUI_NRF_EMBEDDED	embedded source selection	file-level guards are source-selection candidates; preserve native rehearsal and Embedded closure
Sources/SignalAnalyzerTargetHost/StaticSignalAnalyzerNRFDisplayTarget.swift	146	GIFTUI_NRF_EMBEDDED	embedded source selection	file-level guards are source-selection candidates; preserve native rehearsal and Embedded closure
Sources/SignalAnalyzerTargetHost/StaticSignalAnalyzerNRFEmbeddedActionDispatcher.swift	1	GIFTUI_NRF_EMBEDDED	embedded source selection	file-level guards are source-selection candidates; preserve native rehearsal and Embedded closure
Sources/SignalAnalyzerTargetHost/StaticSignalAnalyzerNRFEmbeddedCanvasPayload.swift	1	GIFTUI_NRF_EMBEDDED	embedded source selection	file-level guards are source-selection candidates; preserve native rehearsal and Embedded closure
Sources/SignalAnalyzerTargetHost/StaticSignalAnalyzerNRFEmbeddedCanvasSource.swift	1	GIFTUI_NRF_EMBEDDED	embedded source selection	file-level guards are source-selection candidates; preserve native rehearsal and Embedded closure
Sources/SignalAnalyzerTargetHost/StaticSignalAnalyzerNRFEmbeddedCountingSink.swift	1	GIFTUI_NRF_EMBEDDED	embedded source selection	file-level guards are source-selection candidates; preserve native rehearsal and Embedded closure
Sources/SignalAnalyzerTargetHost/StaticSignalAnalyzerNRFEmbeddedFontRaster.swift	1	GIFTUI_NRF_EMBEDDED	embedded source selection	file-level guards are source-selection candidates; preserve native rehearsal and Embedded closure
Sources/SignalAnalyzerTargetHost/StaticSignalAnalyzerNRFEmbeddedGestureSession.swift	1	GIFTUI_NRF_EMBEDDED	embedded source selection	file-level guards are source-selection candidates; preserve native rehearsal and Embedded closure
Sources/SignalAnalyzerTargetHost/StaticSignalAnalyzerNRFEmbeddedInputHandler.swift	1	GIFTUI_NRF_EMBEDDED	embedded source selection	file-level guards are source-selection candidates; preserve native rehearsal and Embedded closure
Sources/SignalAnalyzerTargetHost/StaticSignalAnalyzerNRFEmbeddedInteractionOccurrences.swift	1	GIFTUI_NRF_EMBEDDED	embedded source selection	file-level guards are source-selection candidates; preserve native rehearsal and Embedded closure
Sources/SignalAnalyzerTargetHost/StaticSignalAnalyzerNRFEmbeddedInteractionOwner.swift	1	GIFTUI_NRF_EMBEDDED	embedded source selection	file-level guards are source-selection candidates; preserve native rehearsal and Embedded closure
Sources/SignalAnalyzerTargetHost/StaticSignalAnalyzerNRFEmbeddedLayoutAdapters.swift	1	GIFTUI_NRF_EMBEDDED	embedded source selection	file-level guards are source-selection candidates; preserve native rehearsal and Embedded closure
Sources/SignalAnalyzerTargetHost/StaticSignalAnalyzerNRFEmbeddedRasterSink.swift	1	GIFTUI_NRF_EMBEDDED	embedded source selection	file-level guards are source-selection candidates; preserve native rehearsal and Embedded closure
Sources/SignalAnalyzerTargetHost/StaticSignalAnalyzerNRFEmbeddedRenderPreflight.swift	1	GIFTUI_NRF_EMBEDDED	embedded source selection	file-level guards are source-selection candidates; preserve native rehearsal and Embedded closure
Sources/SignalAnalyzerTargetHost/StaticSignalAnalyzerNRFEmbeddedRenderSemanticAdapter.swift	1	GIFTUI_NRF_EMBEDDED	embedded source selection	file-level guards are source-selection candidates; preserve native rehearsal and Embedded closure
Sources/SignalAnalyzerTargetHost/StaticSignalAnalyzerNRFEmbeddedResolvedLayoutView.swift	71	GIFTUI_NRF_EMBEDDED	embedded source selection	file-level guards are source-selection candidates; preserve native rehearsal and Embedded closure
Sources/SignalAnalyzerTargetHost/StaticSignalAnalyzerNRFEmbeddedTileRuns.swift	1	GIFTUI_NRF_EMBEDDED	embedded source selection	file-level guards are source-selection candidates; preserve native rehearsal and Embedded closure
Sources/SignalAnalyzerTargetHost/StaticSignalAnalyzerNRFRenderWorkspace.swift	16	GIFTUI_NRF_EMBEDDED	embedded source selection	file-level guards are source-selection candidates; preserve native rehearsal and Embedded closure
firmware/nrf52840/applications/signal-analyzer-static/src/device_validation.c	21	defined(CONFIG_WATCHDOG) && CONFIG_WATCHDOG	board configuration	retain optional watchdog dependency
firmware/nrf52840/applications/signal-analyzer-static/src/spi_tft.c	47	DT_NODE_HAS_PROP(SPI_TFT_NODE, backlight_gpios)	board capability	retain optional Devicetree backlight support
firmware/nrf52840/applications/signal-analyzer-static/src/spi_tft.c	139	DT_NODE_HAS_PROP(SPI_TFT_NODE, backlight_gpios)	board capability	retain optional Devicetree backlight support
firmware/nrf52840/applications/signal-analyzer-static/src/spi_tft.c	245	DT_NODE_HAS_PROP(SPI_TFT_NODE, backlight_gpios)	board capability	retain optional Devicetree backlight support
firmware/nrf52840/applications/signal-analyzer-static/src/spi_tft.c	266	DT_NODE_HAS_PROP(SPI_TFT_NODE, backlight_gpios)	board capability	retain optional Devicetree backlight support
