spec	criterion	historical_status_not_reapproved	owner_review_steps	current_evidence_disposition	current_spec_sha256
SPEC-001	SA-AC-001	pass	05/07/08	owner-boundary/flow review plus current hardware-free corpus; no individual-criterion pass inferred	54d66f53f0b7382c78f62b9e75973b1a9ec818cfc71276cf8f3d8a69dd5c71f2
SPEC-001	SA-AC-002	pass	05/07/08	owner-boundary/flow review plus current hardware-free corpus; no individual-criterion pass inferred	54d66f53f0b7382c78f62b9e75973b1a9ec818cfc71276cf8f3d8a69dd5c71f2
SPEC-001	SA-AC-003	pass	05/07/08	owner-boundary/flow review plus current hardware-free corpus; no individual-criterion pass inferred	54d66f53f0b7382c78f62b9e75973b1a9ec818cfc71276cf8f3d8a69dd5c71f2
SPEC-001	SA-AC-004	pass	05/07/08	owner-boundary/flow review plus current hardware-free corpus; no individual-criterion pass inferred	54d66f53f0b7382c78f62b9e75973b1a9ec818cfc71276cf8f3d8a69dd5c71f2
SPEC-001	SA-AC-005	approved exception	05/07/08	existing approved exception retained; hardware-free gate does not close connected/timing gap	54d66f53f0b7382c78f62b9e75973b1a9ec818cfc71276cf8f3d8a69dd5c71f2
SPEC-001	SA-AC-006	pass	05/07/08	owner-boundary/flow review plus current hardware-free corpus; no individual-criterion pass inferred	54d66f53f0b7382c78f62b9e75973b1a9ec818cfc71276cf8f3d8a69dd5c71f2
SPEC-001	SA-AC-007	pass	05/07/08	owner-boundary/flow review plus current hardware-free corpus; no individual-criterion pass inferred	54d66f53f0b7382c78f62b9e75973b1a9ec818cfc71276cf8f3d8a69dd5c71f2
SPEC-001	SA-AC-008	pass	05/07/08	owner-boundary/flow review plus current hardware-free corpus; no individual-criterion pass inferred	54d66f53f0b7382c78f62b9e75973b1a9ec818cfc71276cf8f3d8a69dd5c71f2
SPEC-001	SA-AC-009	pass	05/07/08	owner-boundary/flow review plus current hardware-free corpus; no individual-criterion pass inferred	54d66f53f0b7382c78f62b9e75973b1a9ec818cfc71276cf8f3d8a69dd5c71f2
SPEC-001	SA-AC-010	pass	05/07/08	owner-boundary/flow review plus current hardware-free corpus; no individual-criterion pass inferred	54d66f53f0b7382c78f62b9e75973b1a9ec818cfc71276cf8f3d8a69dd5c71f2
SPEC-001	SA-AC-011	pass	05/07/08	owner-boundary/flow review plus current hardware-free corpus; no individual-criterion pass inferred	54d66f53f0b7382c78f62b9e75973b1a9ec818cfc71276cf8f3d8a69dd5c71f2
SPEC-001	SA-AC-012	pass	05/07/08	owner-boundary/flow review plus current hardware-free corpus; no individual-criterion pass inferred	54d66f53f0b7382c78f62b9e75973b1a9ec818cfc71276cf8f3d8a69dd5c71f2
SPEC-001	SA-AC-013	pass	05/07/08	owner-boundary/flow review plus current hardware-free corpus; no individual-criterion pass inferred	54d66f53f0b7382c78f62b9e75973b1a9ec818cfc71276cf8f3d8a69dd5c71f2
SPEC-001	SA-AC-014	pass	05/07/08	owner-boundary/flow review plus current hardware-free corpus; no individual-criterion pass inferred	54d66f53f0b7382c78f62b9e75973b1a9ec818cfc71276cf8f3d8a69dd5c71f2
SPEC-001	SA-AC-015	pass	05/07/08	owner-boundary/flow review plus current hardware-free corpus; no individual-criterion pass inferred	54d66f53f0b7382c78f62b9e75973b1a9ec818cfc71276cf8f3d8a69dd5c71f2
SPEC-001	SA-AC-016	pass	05/07/08	owner-boundary/flow review plus current hardware-free corpus; no individual-criterion pass inferred	54d66f53f0b7382c78f62b9e75973b1a9ec818cfc71276cf8f3d8a69dd5c71f2
SPEC-001	SA-AC-017	pass	05/07/08	owner-boundary/flow review plus current hardware-free corpus; no individual-criterion pass inferred	54d66f53f0b7382c78f62b9e75973b1a9ec818cfc71276cf8f3d8a69dd5c71f2
SPEC-001	SA-AC-018	pass	05/07/08	owner-boundary/flow review plus current hardware-free corpus; no individual-criterion pass inferred	54d66f53f0b7382c78f62b9e75973b1a9ec818cfc71276cf8f3d8a69dd5c71f2
SPEC-001	SA-AC-019	pass	05/07/08	owner-boundary/flow review plus current hardware-free corpus; no individual-criterion pass inferred	54d66f53f0b7382c78f62b9e75973b1a9ec818cfc71276cf8f3d8a69dd5c71f2
SPEC-001	SA-AC-020	pass	05/07/08	owner-boundary/flow review plus current hardware-free corpus; no individual-criterion pass inferred	54d66f53f0b7382c78f62b9e75973b1a9ec818cfc71276cf8f3d8a69dd5c71f2
SPEC-001	SA-AC-021	pass	05/07/08	owner-boundary/flow review plus current hardware-free corpus; no individual-criterion pass inferred	54d66f53f0b7382c78f62b9e75973b1a9ec818cfc71276cf8f3d8a69dd5c71f2
SPEC-001	SA-AC-022	pass	05/07/08	owner-boundary/flow review plus current hardware-free corpus; no individual-criterion pass inferred	54d66f53f0b7382c78f62b9e75973b1a9ec818cfc71276cf8f3d8a69dd5c71f2
SPEC-001	SA-AC-023	approved exception	05/07/08	existing approved exception retained; hardware-free gate does not close connected/timing gap	54d66f53f0b7382c78f62b9e75973b1a9ec818cfc71276cf8f3d8a69dd5c71f2
SPEC-001	SA-AC-024	approved exception	05/07/08	existing approved exception retained; hardware-free gate does not close connected/timing gap	54d66f53f0b7382c78f62b9e75973b1a9ec818cfc71276cf8f3d8a69dd5c71f2
SPEC-001	SA-AC-025	pass	05/07/08	owner-boundary/flow review plus current hardware-free corpus; no individual-criterion pass inferred	54d66f53f0b7382c78f62b9e75973b1a9ec818cfc71276cf8f3d8a69dd5c71f2
SPEC-001	SA-AC-026	pass	05/07/08	owner-boundary/flow review plus current hardware-free corpus; no individual-criterion pass inferred	54d66f53f0b7382c78f62b9e75973b1a9ec818cfc71276cf8f3d8a69dd5c71f2
SPEC-001	SA-AC-027	pass	05/07/08	owner-boundary/flow review plus current hardware-free corpus; no individual-criterion pass inferred	54d66f53f0b7382c78f62b9e75973b1a9ec818cfc71276cf8f3d8a69dd5c71f2
SPEC-001	SA-AC-028	pass	05/07/08	owner-boundary/flow review plus current hardware-free corpus; no individual-criterion pass inferred	54d66f53f0b7382c78f62b9e75973b1a9ec818cfc71276cf8f3d8a69dd5c71f2
SPEC-001	SA-AC-029	pass	05/07/08	owner-boundary/flow review plus current hardware-free corpus; no individual-criterion pass inferred	54d66f53f0b7382c78f62b9e75973b1a9ec818cfc71276cf8f3d8a69dd5c71f2
SPEC-001	SA-AC-030	pass	05/07/08	owner-boundary/flow review plus current hardware-free corpus; no individual-criterion pass inferred	54d66f53f0b7382c78f62b9e75973b1a9ec818cfc71276cf8f3d8a69dd5c71f2
SPEC-001	SA-AC-031	pass	05/07/08	owner-boundary/flow review plus current hardware-free corpus; no individual-criterion pass inferred	54d66f53f0b7382c78f62b9e75973b1a9ec818cfc71276cf8f3d8a69dd5c71f2
SPEC-001	SA-AC-032	pass	05/07/08	owner-boundary/flow review plus current hardware-free corpus; no individual-criterion pass inferred	54d66f53f0b7382c78f62b9e75973b1a9ec818cfc71276cf8f3d8a69dd5c71f2
SPEC-001	SA-AC-033	pass	05/07/08	owner-boundary/flow review plus current hardware-free corpus; no individual-criterion pass inferred	54d66f53f0b7382c78f62b9e75973b1a9ec818cfc71276cf8f3d8a69dd5c71f2
SPEC-001	SA-AC-034	pass	05/07/08	owner-boundary/flow review plus current hardware-free corpus; no individual-criterion pass inferred	54d66f53f0b7382c78f62b9e75973b1a9ec818cfc71276cf8f3d8a69dd5c71f2
SPEC-001	SA-AC-035	pass	05/07/08	owner-boundary/flow review plus current hardware-free corpus; no individual-criterion pass inferred	54d66f53f0b7382c78f62b9e75973b1a9ec818cfc71276cf8f3d8a69dd5c71f2
SPEC-001	SA-AC-036	pass	05/07/08	owner-boundary/flow review plus current hardware-free corpus; no individual-criterion pass inferred	54d66f53f0b7382c78f62b9e75973b1a9ec818cfc71276cf8f3d8a69dd5c71f2
SPEC-001	SA-AC-037	pass	05/07/08	owner-boundary/flow review plus current hardware-free corpus; no individual-criterion pass inferred	54d66f53f0b7382c78f62b9e75973b1a9ec818cfc71276cf8f3d8a69dd5c71f2
SPEC-001	SA-AC-038	pass	05/07/08	owner-boundary/flow review plus current hardware-free corpus; no individual-criterion pass inferred	54d66f53f0b7382c78f62b9e75973b1a9ec818cfc71276cf8f3d8a69dd5c71f2
SPEC-001	SA-AC-039	approved exception	05/07/08	existing approved exception retained; hardware-free gate does not close connected/timing gap	54d66f53f0b7382c78f62b9e75973b1a9ec818cfc71276cf8f3d8a69dd5c71f2
SPEC-001	SA-AC-040	pass	05/07/08	owner-boundary/flow review plus current hardware-free corpus; no individual-criterion pass inferred	54d66f53f0b7382c78f62b9e75973b1a9ec818cfc71276cf8f3d8a69dd5c71f2
SPEC-001	SA-AC-041	pass	05/07/08	owner-boundary/flow review plus current hardware-free corpus; no individual-criterion pass inferred	54d66f53f0b7382c78f62b9e75973b1a9ec818cfc71276cf8f3d8a69dd5c71f2
SPEC-001	SA-AC-042	pass	05/07/08	owner-boundary/flow review plus current hardware-free corpus; no individual-criterion pass inferred	54d66f53f0b7382c78f62b9e75973b1a9ec818cfc71276cf8f3d8a69dd5c71f2
SPEC-001	SA-AC-043	pass	05/07/08	CBR-007 challenges terminal startup coverage; actual-source reproduction supersedes a blanket historical pass	54d66f53f0b7382c78f62b9e75973b1a9ec818cfc71276cf8f3d8a69dd5c71f2
SPEC-001	SA-AC-044	pass	05/07/08	owner-boundary/flow review plus current hardware-free corpus; no individual-criterion pass inferred	54d66f53f0b7382c78f62b9e75973b1a9ec818cfc71276cf8f3d8a69dd5c71f2
SPEC-001	SA-AC-045	pass	05/07/08	owner-boundary/flow review plus current hardware-free corpus; no individual-criterion pass inferred	54d66f53f0b7382c78f62b9e75973b1a9ec818cfc71276cf8f3d8a69dd5c71f2
SPEC-002	PF-001	pass	01/05	owner-boundary/flow review plus current hardware-free corpus; no individual-criterion pass inferred	255efffe964670ec7c8c420594cb7b3dd2113cb2cb7c11e27d91b308c0456470
SPEC-002	PF-002	pass	01/05	owner-boundary/flow review plus current hardware-free corpus; no individual-criterion pass inferred	255efffe964670ec7c8c420594cb7b3dd2113cb2cb7c11e27d91b308c0456470
SPEC-002	PF-003	pass	01/05	owner-boundary/flow review plus current hardware-free corpus; no individual-criterion pass inferred	255efffe964670ec7c8c420594cb7b3dd2113cb2cb7c11e27d91b308c0456470
SPEC-002	PF-004	pass	01/05	owner-boundary/flow review plus current hardware-free corpus; no individual-criterion pass inferred	255efffe964670ec7c8c420594cb7b3dd2113cb2cb7c11e27d91b308c0456470
SPEC-002	PF-005	pass	01/05	owner-boundary/flow review plus current hardware-free corpus; no individual-criterion pass inferred	255efffe964670ec7c8c420594cb7b3dd2113cb2cb7c11e27d91b308c0456470
SPEC-002	PF-006	pass	01/05	owner-boundary/flow review plus current hardware-free corpus; no individual-criterion pass inferred	255efffe964670ec7c8c420594cb7b3dd2113cb2cb7c11e27d91b308c0456470
SPEC-002	PF-007	pass	01/05	owner-boundary/flow review plus current hardware-free corpus; no individual-criterion pass inferred	255efffe964670ec7c8c420594cb7b3dd2113cb2cb7c11e27d91b308c0456470
SPEC-002	PF-008	pass	01/05	owner-boundary/flow review plus current hardware-free corpus; no individual-criterion pass inferred	255efffe964670ec7c8c420594cb7b3dd2113cb2cb7c11e27d91b308c0456470
SPEC-002	PF-009	pass	01/05	owner-boundary/flow review plus current hardware-free corpus; no individual-criterion pass inferred	255efffe964670ec7c8c420594cb7b3dd2113cb2cb7c11e27d91b308c0456470
SPEC-002	PF-010	pass	01/05	owner-boundary/flow review plus current hardware-free corpus; no individual-criterion pass inferred	255efffe964670ec7c8c420594cb7b3dd2113cb2cb7c11e27d91b308c0456470
SPEC-003	FAIL-AC-01	pass	08	owner-boundary/flow review plus current hardware-free corpus; no individual-criterion pass inferred	26c57695c7edf5456e1c56eca35cdaee0ba076c96db025ec0dd411684b1a5e94
SPEC-003	FAIL-AC-02	pass	08	owner-boundary/flow review plus current hardware-free corpus; no individual-criterion pass inferred	26c57695c7edf5456e1c56eca35cdaee0ba076c96db025ec0dd411684b1a5e94
SPEC-003	FAIL-AC-03	pass	08	owner-boundary/flow review plus current hardware-free corpus; no individual-criterion pass inferred	26c57695c7edf5456e1c56eca35cdaee0ba076c96db025ec0dd411684b1a5e94
SPEC-003	FAIL-AC-04	pass	08	owner-boundary/flow review plus current hardware-free corpus; no individual-criterion pass inferred	26c57695c7edf5456e1c56eca35cdaee0ba076c96db025ec0dd411684b1a5e94
SPEC-003	FAIL-AC-05	pass	08	owner-boundary/flow review plus current hardware-free corpus; no individual-criterion pass inferred	26c57695c7edf5456e1c56eca35cdaee0ba076c96db025ec0dd411684b1a5e94
SPEC-003	FAIL-AC-06	pass	08	owner-boundary/flow review plus current hardware-free corpus; no individual-criterion pass inferred	26c57695c7edf5456e1c56eca35cdaee0ba076c96db025ec0dd411684b1a5e94
SPEC-003	FAIL-AC-07	pass	08	owner-boundary/flow review plus current hardware-free corpus; no individual-criterion pass inferred	26c57695c7edf5456e1c56eca35cdaee0ba076c96db025ec0dd411684b1a5e94
SPEC-003	FAIL-AC-08	pass	08	owner-boundary/flow review plus current hardware-free corpus; no individual-criterion pass inferred	26c57695c7edf5456e1c56eca35cdaee0ba076c96db025ec0dd411684b1a5e94
SPEC-003	FAIL-AC-09	pass	08	owner-boundary/flow review plus current hardware-free corpus; no individual-criterion pass inferred	26c57695c7edf5456e1c56eca35cdaee0ba076c96db025ec0dd411684b1a5e94
SPEC-003	FAIL-AC-10	pass	08	owner-boundary/flow review plus current hardware-free corpus; no individual-criterion pass inferred	26c57695c7edf5456e1c56eca35cdaee0ba076c96db025ec0dd411684b1a5e94
SPEC-003	FAIL-AC-11	pass	08	owner-boundary/flow review plus current hardware-free corpus; no individual-criterion pass inferred	26c57695c7edf5456e1c56eca35cdaee0ba076c96db025ec0dd411684b1a5e94
SPEC-003	FAIL-AC-12	pass	08	owner-boundary/flow review plus current hardware-free corpus; no individual-criterion pass inferred	26c57695c7edf5456e1c56eca35cdaee0ba076c96db025ec0dd411684b1a5e94
SPEC-003	FAIL-AC-13	pass	08	owner-boundary/flow review plus current hardware-free corpus; no individual-criterion pass inferred	26c57695c7edf5456e1c56eca35cdaee0ba076c96db025ec0dd411684b1a5e94
SPEC-003	FAIL-AC-14	pass	08	owner-boundary/flow review plus current hardware-free corpus; no individual-criterion pass inferred	26c57695c7edf5456e1c56eca35cdaee0ba076c96db025ec0dd411684b1a5e94
SPEC-003	FAIL-AC-15	pass	08	owner-boundary/flow review plus current hardware-free corpus; no individual-criterion pass inferred	26c57695c7edf5456e1c56eca35cdaee0ba076c96db025ec0dd411684b1a5e94
SPEC-003	FAIL-AC-16	pass	08	owner-boundary/flow review plus current hardware-free corpus; no individual-criterion pass inferred	26c57695c7edf5456e1c56eca35cdaee0ba076c96db025ec0dd411684b1a5e94
SPEC-003	FAIL-AC-17	pass	08	owner-boundary/flow review plus current hardware-free corpus; no individual-criterion pass inferred	26c57695c7edf5456e1c56eca35cdaee0ba076c96db025ec0dd411684b1a5e94
SPEC-003	FAIL-AC-18	pass	08	owner-boundary/flow review plus current hardware-free corpus; no individual-criterion pass inferred	26c57695c7edf5456e1c56eca35cdaee0ba076c96db025ec0dd411684b1a5e94
SPEC-003	FAIL-AC-19	pass	08	owner-boundary/flow review plus current hardware-free corpus; no individual-criterion pass inferred	26c57695c7edf5456e1c56eca35cdaee0ba076c96db025ec0dd411684b1a5e94
SPEC-004	CR-001	pass	08	owner-boundary/flow review plus current hardware-free corpus; no individual-criterion pass inferred	f129f4dc5cd4eeb669240dc3bf3cb42a2f479219b030a378d5d27c5e2a6ab928
SPEC-004	CR-002	pass	08	owner-boundary/flow review plus current hardware-free corpus; no individual-criterion pass inferred	f129f4dc5cd4eeb669240dc3bf3cb42a2f479219b030a378d5d27c5e2a6ab928
SPEC-004	CR-003	pass	08	owner-boundary/flow review plus current hardware-free corpus; no individual-criterion pass inferred	f129f4dc5cd4eeb669240dc3bf3cb42a2f479219b030a378d5d27c5e2a6ab928
SPEC-004	CR-004	pass	08	owner-boundary/flow review plus current hardware-free corpus; no individual-criterion pass inferred	f129f4dc5cd4eeb669240dc3bf3cb42a2f479219b030a378d5d27c5e2a6ab928
SPEC-004	CR-005	pass	08	owner-boundary/flow review plus current hardware-free corpus; no individual-criterion pass inferred	f129f4dc5cd4eeb669240dc3bf3cb42a2f479219b030a378d5d27c5e2a6ab928
SPEC-004	CR-006	pass	08	owner-boundary/flow review plus current hardware-free corpus; no individual-criterion pass inferred	f129f4dc5cd4eeb669240dc3bf3cb42a2f479219b030a378d5d27c5e2a6ab928
SPEC-004	CR-007	pass	08	owner-boundary/flow review plus current hardware-free corpus; no individual-criterion pass inferred	f129f4dc5cd4eeb669240dc3bf3cb42a2f479219b030a378d5d27c5e2a6ab928
SPEC-004	CR-008	pass	08	owner-boundary/flow review plus current hardware-free corpus; no individual-criterion pass inferred	f129f4dc5cd4eeb669240dc3bf3cb42a2f479219b030a378d5d27c5e2a6ab928
SPEC-004	CR-009	pass	08	owner-boundary/flow review plus current hardware-free corpus; no individual-criterion pass inferred	f129f4dc5cd4eeb669240dc3bf3cb42a2f479219b030a378d5d27c5e2a6ab928
SPEC-004	CR-010	pass	08	owner-boundary/flow review plus current hardware-free corpus; no individual-criterion pass inferred	f129f4dc5cd4eeb669240dc3bf3cb42a2f479219b030a378d5d27c5e2a6ab928
SPEC-004	CR-011	pass	08	owner-boundary/flow review plus current hardware-free corpus; no individual-criterion pass inferred	f129f4dc5cd4eeb669240dc3bf3cb42a2f479219b030a378d5d27c5e2a6ab928
SPEC-004	CR-012	pass	08	owner-boundary/flow review plus current hardware-free corpus; no individual-criterion pass inferred	f129f4dc5cd4eeb669240dc3bf3cb42a2f479219b030a378d5d27c5e2a6ab928
SPEC-004	CR-013	pass	08	owner-boundary/flow review plus current hardware-free corpus; no individual-criterion pass inferred	f129f4dc5cd4eeb669240dc3bf3cb42a2f479219b030a378d5d27c5e2a6ab928
SPEC-004	CR-014	pass	08	owner-boundary/flow review plus current hardware-free corpus; no individual-criterion pass inferred	f129f4dc5cd4eeb669240dc3bf3cb42a2f479219b030a378d5d27c5e2a6ab928
SPEC-004	CR-015	pass	08	owner-boundary/flow review plus current hardware-free corpus; no individual-criterion pass inferred	f129f4dc5cd4eeb669240dc3bf3cb42a2f479219b030a378d5d27c5e2a6ab928
SPEC-004	CR-016	pass	08	owner-boundary/flow review plus current hardware-free corpus; no individual-criterion pass inferred	f129f4dc5cd4eeb669240dc3bf3cb42a2f479219b030a378d5d27c5e2a6ab928
SPEC-005	TR-001	pass	06	owner-boundary/flow review plus current hardware-free corpus; no individual-criterion pass inferred	accebda365769271b76976bf8b624f6552123139edce1ecb19a68a13aef522c8
SPEC-005	TR-002	pass	06	owner-boundary/flow review plus current hardware-free corpus; no individual-criterion pass inferred	accebda365769271b76976bf8b624f6552123139edce1ecb19a68a13aef522c8
SPEC-005	TR-003	pass	06	owner-boundary/flow review plus current hardware-free corpus; no individual-criterion pass inferred	accebda365769271b76976bf8b624f6552123139edce1ecb19a68a13aef522c8
SPEC-005	TR-004	pass	06	owner-boundary/flow review plus current hardware-free corpus; no individual-criterion pass inferred	accebda365769271b76976bf8b624f6552123139edce1ecb19a68a13aef522c8
SPEC-005	TR-005	pass	06	owner-boundary/flow review plus current hardware-free corpus; no individual-criterion pass inferred	accebda365769271b76976bf8b624f6552123139edce1ecb19a68a13aef522c8
SPEC-005	TR-006	pass	06	owner-boundary/flow review plus current hardware-free corpus; no individual-criterion pass inferred	accebda365769271b76976bf8b624f6552123139edce1ecb19a68a13aef522c8
SPEC-005	TR-007	pass	06	owner-boundary/flow review plus current hardware-free corpus; no individual-criterion pass inferred	accebda365769271b76976bf8b624f6552123139edce1ecb19a68a13aef522c8
SPEC-005	TR-008	pass	06	owner-boundary/flow review plus current hardware-free corpus; no individual-criterion pass inferred	accebda365769271b76976bf8b624f6552123139edce1ecb19a68a13aef522c8
SPEC-005	TR-009	pass	06	owner-boundary/flow review plus current hardware-free corpus; no individual-criterion pass inferred	accebda365769271b76976bf8b624f6552123139edce1ecb19a68a13aef522c8
SPEC-005	TR-010	pass	06	owner-boundary/flow review plus current hardware-free corpus; no individual-criterion pass inferred	accebda365769271b76976bf8b624f6552123139edce1ecb19a68a13aef522c8
SPEC-005	TR-011	pass	06	owner-boundary/flow review plus current hardware-free corpus; no individual-criterion pass inferred	accebda365769271b76976bf8b624f6552123139edce1ecb19a68a13aef522c8
SPEC-005	TR-012	pass	06	owner-boundary/flow review plus current hardware-free corpus; no individual-criterion pass inferred	accebda365769271b76976bf8b624f6552123139edce1ecb19a68a13aef522c8
SPEC-005	TR-013	pass	06	owner-boundary/flow review plus current hardware-free corpus; no individual-criterion pass inferred	accebda365769271b76976bf8b624f6552123139edce1ecb19a68a13aef522c8
SPEC-006	DV-001	pass	05/06	owner-boundary/flow review plus current hardware-free corpus; no individual-criterion pass inferred	50b456f491ba355c45e005a3ef8e1fbe0a288b91acb84319c147c5ce53bd2496
SPEC-006	DV-002	pass	05/06	owner-boundary/flow review plus current hardware-free corpus; no individual-criterion pass inferred	50b456f491ba355c45e005a3ef8e1fbe0a288b91acb84319c147c5ce53bd2496
SPEC-006	DV-003	pass	05/06	owner-boundary/flow review plus current hardware-free corpus; no individual-criterion pass inferred	50b456f491ba355c45e005a3ef8e1fbe0a288b91acb84319c147c5ce53bd2496
SPEC-006	DV-004	pass	05/06	owner-boundary/flow review plus current hardware-free corpus; no individual-criterion pass inferred	50b456f491ba355c45e005a3ef8e1fbe0a288b91acb84319c147c5ce53bd2496
SPEC-006	DV-005	pass	05/06	owner-boundary/flow review plus current hardware-free corpus; no individual-criterion pass inferred	50b456f491ba355c45e005a3ef8e1fbe0a288b91acb84319c147c5ce53bd2496
SPEC-006	DV-006	pass	05/06	owner-boundary/flow review plus current hardware-free corpus; no individual-criterion pass inferred	50b456f491ba355c45e005a3ef8e1fbe0a288b91acb84319c147c5ce53bd2496
SPEC-006	DV-007	pass	05/06	owner-boundary/flow review plus current hardware-free corpus; no individual-criterion pass inferred	50b456f491ba355c45e005a3ef8e1fbe0a288b91acb84319c147c5ce53bd2496
SPEC-006	DV-008	pass	05/06	owner-boundary/flow review plus current hardware-free corpus; no individual-criterion pass inferred	50b456f491ba355c45e005a3ef8e1fbe0a288b91acb84319c147c5ce53bd2496
SPEC-006	DV-009	pass	05/06	owner-boundary/flow review plus current hardware-free corpus; no individual-criterion pass inferred	50b456f491ba355c45e005a3ef8e1fbe0a288b91acb84319c147c5ce53bd2496
SPEC-006	DV-010	pass	05/06	owner-boundary/flow review plus current hardware-free corpus; no individual-criterion pass inferred	50b456f491ba355c45e005a3ef8e1fbe0a288b91acb84319c147c5ce53bd2496
SPEC-006	DV-011	pass	05/06	owner-boundary/flow review plus current hardware-free corpus; no individual-criterion pass inferred	50b456f491ba355c45e005a3ef8e1fbe0a288b91acb84319c147c5ce53bd2496
SPEC-006	DV-012	pass	05/06	owner-boundary/flow review plus current hardware-free corpus; no individual-criterion pass inferred	50b456f491ba355c45e005a3ef8e1fbe0a288b91acb84319c147c5ce53bd2496
SPEC-006	DV-013	pass	05/06	owner-boundary/flow review plus current hardware-free corpus; no individual-criterion pass inferred	50b456f491ba355c45e005a3ef8e1fbe0a288b91acb84319c147c5ce53bd2496
SPEC-006	DV-014	pass	05/06	owner-boundary/flow review plus current hardware-free corpus; no individual-criterion pass inferred	50b456f491ba355c45e005a3ef8e1fbe0a288b91acb84319c147c5ce53bd2496
SPEC-006	DV-015	pass	05/06	owner-boundary/flow review plus current hardware-free corpus; no individual-criterion pass inferred	50b456f491ba355c45e005a3ef8e1fbe0a288b91acb84319c147c5ce53bd2496
SPEC-006	DV-016	pass	05/06	owner-boundary/flow review plus current hardware-free corpus; no individual-criterion pass inferred	50b456f491ba355c45e005a3ef8e1fbe0a288b91acb84319c147c5ce53bd2496
SPEC-006	DV-017	pass	05/06	owner-boundary/flow review plus current hardware-free corpus; no individual-criterion pass inferred	50b456f491ba355c45e005a3ef8e1fbe0a288b91acb84319c147c5ce53bd2496
SPEC-007	LY-001	pass	06	owner-boundary/flow review plus current hardware-free corpus; no individual-criterion pass inferred	0c0229e489d74c700f8a0985a14e6c6c6e7b992e1af24a1b31026d1cd67c2a9f
SPEC-007	LY-002	pass	06	owner-boundary/flow review plus current hardware-free corpus; no individual-criterion pass inferred	0c0229e489d74c700f8a0985a14e6c6c6e7b992e1af24a1b31026d1cd67c2a9f
SPEC-007	LY-003	pass	06	owner-boundary/flow review plus current hardware-free corpus; no individual-criterion pass inferred	0c0229e489d74c700f8a0985a14e6c6c6e7b992e1af24a1b31026d1cd67c2a9f
SPEC-007	LY-004	pass	06	owner-boundary/flow review plus current hardware-free corpus; no individual-criterion pass inferred	0c0229e489d74c700f8a0985a14e6c6c6e7b992e1af24a1b31026d1cd67c2a9f
SPEC-007	LY-005	pass	06	owner-boundary/flow review plus current hardware-free corpus; no individual-criterion pass inferred	0c0229e489d74c700f8a0985a14e6c6c6e7b992e1af24a1b31026d1cd67c2a9f
SPEC-007	LY-006	pass	06	owner-boundary/flow review plus current hardware-free corpus; no individual-criterion pass inferred	0c0229e489d74c700f8a0985a14e6c6c6e7b992e1af24a1b31026d1cd67c2a9f
SPEC-007	LY-007	pass	06	owner-boundary/flow review plus current hardware-free corpus; no individual-criterion pass inferred	0c0229e489d74c700f8a0985a14e6c6c6e7b992e1af24a1b31026d1cd67c2a9f
SPEC-007	LY-008	pass	06	owner-boundary/flow review plus current hardware-free corpus; no individual-criterion pass inferred	0c0229e489d74c700f8a0985a14e6c6c6e7b992e1af24a1b31026d1cd67c2a9f
SPEC-007	LY-009	pass	06	owner-boundary/flow review plus current hardware-free corpus; no individual-criterion pass inferred	0c0229e489d74c700f8a0985a14e6c6c6e7b992e1af24a1b31026d1cd67c2a9f
SPEC-008	RD-001	pass	06/08	owner-boundary/flow review plus current hardware-free corpus; no individual-criterion pass inferred	252a1982215348357dd3723efff975da3751519aa1bddb09005226ab0726c1bb
SPEC-008	RD-002	pass	06/08	owner-boundary/flow review plus current hardware-free corpus; no individual-criterion pass inferred	252a1982215348357dd3723efff975da3751519aa1bddb09005226ab0726c1bb
SPEC-008	RD-003	pass	06/08	owner-boundary/flow review plus current hardware-free corpus; no individual-criterion pass inferred	252a1982215348357dd3723efff975da3751519aa1bddb09005226ab0726c1bb
SPEC-008	RD-004	pass	06/08	owner-boundary/flow review plus current hardware-free corpus; no individual-criterion pass inferred	252a1982215348357dd3723efff975da3751519aa1bddb09005226ab0726c1bb
SPEC-008	RD-005	pass	06/08	owner-boundary/flow review plus current hardware-free corpus; no individual-criterion pass inferred	252a1982215348357dd3723efff975da3751519aa1bddb09005226ab0726c1bb
SPEC-008	RD-006	pass	06/08	owner-boundary/flow review plus current hardware-free corpus; no individual-criterion pass inferred	252a1982215348357dd3723efff975da3751519aa1bddb09005226ab0726c1bb
SPEC-008	RD-007	pass	06/08	owner-boundary/flow review plus current hardware-free corpus; no individual-criterion pass inferred	252a1982215348357dd3723efff975da3751519aa1bddb09005226ab0726c1bb
SPEC-008	RD-008	pass	06/08	owner-boundary/flow review plus current hardware-free corpus; no individual-criterion pass inferred	252a1982215348357dd3723efff975da3751519aa1bddb09005226ab0726c1bb
SPEC-008	RD-009	pass	06/08	owner-boundary/flow review plus current hardware-free corpus; no individual-criterion pass inferred	252a1982215348357dd3723efff975da3751519aa1bddb09005226ab0726c1bb
SPEC-008	RD-010	pass	06/08	owner-boundary/flow review plus current hardware-free corpus; no individual-criterion pass inferred	252a1982215348357dd3723efff975da3751519aa1bddb09005226ab0726c1bb
SPEC-008	RD-011	pass	06/08	owner-boundary/flow review plus current hardware-free corpus; no individual-criterion pass inferred	252a1982215348357dd3723efff975da3751519aa1bddb09005226ab0726c1bb
SPEC-009	EX-001	pass	07	owner-boundary/flow review plus current hardware-free corpus; no individual-criterion pass inferred	8d53d94bdaccce954ee93d92a8d53b3d293230600c0bc5d49fce2f0a99fae29a
SPEC-009	EX-002	pass	07	owner-boundary/flow review plus current hardware-free corpus; no individual-criterion pass inferred	8d53d94bdaccce954ee93d92a8d53b3d293230600c0bc5d49fce2f0a99fae29a
SPEC-009	EX-003	pass	07	owner-boundary/flow review plus current hardware-free corpus; no individual-criterion pass inferred	8d53d94bdaccce954ee93d92a8d53b3d293230600c0bc5d49fce2f0a99fae29a
SPEC-009	EX-004	pass	07	owner-boundary/flow review plus current hardware-free corpus; no individual-criterion pass inferred	8d53d94bdaccce954ee93d92a8d53b3d293230600c0bc5d49fce2f0a99fae29a
SPEC-009	EX-005	pass	07	owner-boundary/flow review plus current hardware-free corpus; no individual-criterion pass inferred	8d53d94bdaccce954ee93d92a8d53b3d293230600c0bc5d49fce2f0a99fae29a
SPEC-009	EX-006	pass	07	owner-boundary/flow review plus current hardware-free corpus; no individual-criterion pass inferred	8d53d94bdaccce954ee93d92a8d53b3d293230600c0bc5d49fce2f0a99fae29a
SPEC-009	EX-007	pass	07	owner-boundary/flow review plus current hardware-free corpus; no individual-criterion pass inferred	8d53d94bdaccce954ee93d92a8d53b3d293230600c0bc5d49fce2f0a99fae29a
SPEC-009	EX-008	pass	07	owner-boundary/flow review plus current hardware-free corpus; no individual-criterion pass inferred	8d53d94bdaccce954ee93d92a8d53b3d293230600c0bc5d49fce2f0a99fae29a
SPEC-009	EX-009	pass	07	owner-boundary/flow review plus current hardware-free corpus; no individual-criterion pass inferred	8d53d94bdaccce954ee93d92a8d53b3d293230600c0bc5d49fce2f0a99fae29a
SPEC-009	EX-010	pass	07	owner-boundary/flow review plus current hardware-free corpus; no individual-criterion pass inferred	8d53d94bdaccce954ee93d92a8d53b3d293230600c0bc5d49fce2f0a99fae29a
SPEC-009	EX-011	pass	07	owner-boundary/flow review plus current hardware-free corpus; no individual-criterion pass inferred	8d53d94bdaccce954ee93d92a8d53b3d293230600c0bc5d49fce2f0a99fae29a
SPEC-009	EX-012	pass	07	owner-boundary/flow review plus current hardware-free corpus; no individual-criterion pass inferred	8d53d94bdaccce954ee93d92a8d53b3d293230600c0bc5d49fce2f0a99fae29a
SPEC-009	EX-013	pass	07	owner-boundary/flow review plus current hardware-free corpus; no individual-criterion pass inferred	8d53d94bdaccce954ee93d92a8d53b3d293230600c0bc5d49fce2f0a99fae29a
SPEC-009	EX-014	pass	07	owner-boundary/flow review plus current hardware-free corpus; no individual-criterion pass inferred	8d53d94bdaccce954ee93d92a8d53b3d293230600c0bc5d49fce2f0a99fae29a
SPEC-010	OS-001	pass	05/07	owner-boundary/flow review plus current hardware-free corpus; no individual-criterion pass inferred	f3e7694808190a1e380ab856dd1cfbdba24acc59eeea4fac75c342df495e08cc
SPEC-010	OS-002	pass	05/07	owner-boundary/flow review plus current hardware-free corpus; no individual-criterion pass inferred	f3e7694808190a1e380ab856dd1cfbdba24acc59eeea4fac75c342df495e08cc
SPEC-010	OS-003	pass	05/07	owner-boundary/flow review plus current hardware-free corpus; no individual-criterion pass inferred	f3e7694808190a1e380ab856dd1cfbdba24acc59eeea4fac75c342df495e08cc
SPEC-010	OS-004	pass	05/07	owner-boundary/flow review plus current hardware-free corpus; no individual-criterion pass inferred	f3e7694808190a1e380ab856dd1cfbdba24acc59eeea4fac75c342df495e08cc
SPEC-010	OS-005	pass	05/07	owner-boundary/flow review plus current hardware-free corpus; no individual-criterion pass inferred	f3e7694808190a1e380ab856dd1cfbdba24acc59eeea4fac75c342df495e08cc
SPEC-010	OS-006	pass	05/07	owner-boundary/flow review plus current hardware-free corpus; no individual-criterion pass inferred	f3e7694808190a1e380ab856dd1cfbdba24acc59eeea4fac75c342df495e08cc
SPEC-010	OS-007	pass	05/07	owner-boundary/flow review plus current hardware-free corpus; no individual-criterion pass inferred	f3e7694808190a1e380ab856dd1cfbdba24acc59eeea4fac75c342df495e08cc
SPEC-010	OS-008	pass	05/07	owner-boundary/flow review plus current hardware-free corpus; no individual-criterion pass inferred	f3e7694808190a1e380ab856dd1cfbdba24acc59eeea4fac75c342df495e08cc
SPEC-010	OS-009	pass	05/07	owner-boundary/flow review plus current hardware-free corpus; no individual-criterion pass inferred	f3e7694808190a1e380ab856dd1cfbdba24acc59eeea4fac75c342df495e08cc
SPEC-010	OS-010	pass	05/07	owner-boundary/flow review plus current hardware-free corpus; no individual-criterion pass inferred	f3e7694808190a1e380ab856dd1cfbdba24acc59eeea4fac75c342df495e08cc
SPEC-010	OS-011	pass	05/07	owner-boundary/flow review plus current hardware-free corpus; no individual-criterion pass inferred	f3e7694808190a1e380ab856dd1cfbdba24acc59eeea4fac75c342df495e08cc
SPEC-010	OS-012	pass	05/07	owner-boundary/flow review plus current hardware-free corpus; no individual-criterion pass inferred	f3e7694808190a1e380ab856dd1cfbdba24acc59eeea4fac75c342df495e08cc
SPEC-011	IN-001	pass	02/07	owner-boundary/flow review plus current hardware-free corpus; no individual-criterion pass inferred	40e27968ae675109f3b483f2a3bb5e0679afa40ebb58980cb0483a123a5b3a5b
SPEC-011	IN-002	pass	02/07	owner-boundary/flow review plus current hardware-free corpus; no individual-criterion pass inferred	40e27968ae675109f3b483f2a3bb5e0679afa40ebb58980cb0483a123a5b3a5b
SPEC-011	IN-003	pass	02/07	owner-boundary/flow review plus current hardware-free corpus; no individual-criterion pass inferred	40e27968ae675109f3b483f2a3bb5e0679afa40ebb58980cb0483a123a5b3a5b
SPEC-011	IN-004	pass	02/07	owner-boundary/flow review plus current hardware-free corpus; no individual-criterion pass inferred	40e27968ae675109f3b483f2a3bb5e0679afa40ebb58980cb0483a123a5b3a5b
SPEC-011	IN-005	pass	02/07	owner-boundary/flow review plus current hardware-free corpus; no individual-criterion pass inferred	40e27968ae675109f3b483f2a3bb5e0679afa40ebb58980cb0483a123a5b3a5b
SPEC-011	IN-006	pass	02/07	owner-boundary/flow review plus current hardware-free corpus; no individual-criterion pass inferred	40e27968ae675109f3b483f2a3bb5e0679afa40ebb58980cb0483a123a5b3a5b
SPEC-011	IN-007	pass	02/07	owner-boundary/flow review plus current hardware-free corpus; no individual-criterion pass inferred	40e27968ae675109f3b483f2a3bb5e0679afa40ebb58980cb0483a123a5b3a5b
SPEC-011	IN-008	pass	02/07	CBR-001 exposes asymmetric staged storage preflight/mapping gap; standard equal-capacity corpus does not resolve it	40e27968ae675109f3b483f2a3bb5e0679afa40ebb58980cb0483a123a5b3a5b
SPEC-011	IN-009	pass	02/07	CBR-001 exposes asymmetric staged storage preflight/mapping gap; standard equal-capacity corpus does not resolve it	40e27968ae675109f3b483f2a3bb5e0679afa40ebb58980cb0483a123a5b3a5b
SPEC-011	IN-010	pass	02/07	owner-boundary/flow review plus current hardware-free corpus; no individual-criterion pass inferred	40e27968ae675109f3b483f2a3bb5e0679afa40ebb58980cb0483a123a5b3a5b
SPEC-011	IN-011	pass	02/07	owner-boundary/flow review plus current hardware-free corpus; no individual-criterion pass inferred	40e27968ae675109f3b483f2a3bb5e0679afa40ebb58980cb0483a123a5b3a5b
SPEC-011	IN-012	pass	02/07	owner-boundary/flow review plus current hardware-free corpus; no individual-criterion pass inferred	40e27968ae675109f3b483f2a3bb5e0679afa40ebb58980cb0483a123a5b3a5b
SPEC-011	IN-013	pass	02/07	owner-boundary/flow review plus current hardware-free corpus; no individual-criterion pass inferred	40e27968ae675109f3b483f2a3bb5e0679afa40ebb58980cb0483a123a5b3a5b
SPEC-012	DR-001	pass	06/08	owner-boundary/flow review plus current hardware-free corpus; no individual-criterion pass inferred	88c0af9215f7ebc259c0ac85aabc433e005cea60ded3596b7d335f753aec9306
SPEC-012	DR-002	pass	06/08	owner-boundary/flow review plus current hardware-free corpus; no individual-criterion pass inferred	88c0af9215f7ebc259c0ac85aabc433e005cea60ded3596b7d335f753aec9306
SPEC-012	DR-003	pass	06/08	owner-boundary/flow review plus current hardware-free corpus; no individual-criterion pass inferred	88c0af9215f7ebc259c0ac85aabc433e005cea60ded3596b7d335f753aec9306
SPEC-012	DR-004	pass	06/08	owner-boundary/flow review plus current hardware-free corpus; no individual-criterion pass inferred	88c0af9215f7ebc259c0ac85aabc433e005cea60ded3596b7d335f753aec9306
SPEC-012	DR-005	pass	06/08	owner-boundary/flow review plus current hardware-free corpus; no individual-criterion pass inferred	88c0af9215f7ebc259c0ac85aabc433e005cea60ded3596b7d335f753aec9306
SPEC-012	DR-006	pass	06/08	owner-boundary/flow review plus current hardware-free corpus; no individual-criterion pass inferred	88c0af9215f7ebc259c0ac85aabc433e005cea60ded3596b7d335f753aec9306
SPEC-012	DR-007	pass	06/08	owner-boundary/flow review plus current hardware-free corpus; no individual-criterion pass inferred	88c0af9215f7ebc259c0ac85aabc433e005cea60ded3596b7d335f753aec9306
SPEC-012	DR-008	pass	06/08	owner-boundary/flow review plus current hardware-free corpus; no individual-criterion pass inferred	88c0af9215f7ebc259c0ac85aabc433e005cea60ded3596b7d335f753aec9306
SPEC-012	DR-009	pass	06/08	owner-boundary/flow review plus current hardware-free corpus; no individual-criterion pass inferred	88c0af9215f7ebc259c0ac85aabc433e005cea60ded3596b7d335f753aec9306
SPEC-012	DR-010	pass	06/08	owner-boundary/flow review plus current hardware-free corpus; no individual-criterion pass inferred	88c0af9215f7ebc259c0ac85aabc433e005cea60ded3596b7d335f753aec9306
SPEC-012	DR-011	pass	06/08	owner-boundary/flow review plus current hardware-free corpus; no individual-criterion pass inferred	88c0af9215f7ebc259c0ac85aabc433e005cea60ded3596b7d335f753aec9306
SPEC-012	DR-012	pass	06/08	owner-boundary/flow review plus current hardware-free corpus; no individual-criterion pass inferred	88c0af9215f7ebc259c0ac85aabc433e005cea60ded3596b7d335f753aec9306
SPEC-012	DR-013	pass	06/08	owner-boundary/flow review plus current hardware-free corpus; no individual-criterion pass inferred	88c0af9215f7ebc259c0ac85aabc433e005cea60ded3596b7d335f753aec9306
SPEC-013	RP-001	pass	07/08	owner-boundary/flow review plus current hardware-free corpus; no individual-criterion pass inferred	8b741e91a271372ecf65bd279123975d058879d213ffaa24a8cd235f3647d0e5
SPEC-013	RP-002	pass	07/08	owner-boundary/flow review plus current hardware-free corpus; no individual-criterion pass inferred	8b741e91a271372ecf65bd279123975d058879d213ffaa24a8cd235f3647d0e5
SPEC-013	RP-003	pass	07/08	owner-boundary/flow review plus current hardware-free corpus; no individual-criterion pass inferred	8b741e91a271372ecf65bd279123975d058879d213ffaa24a8cd235f3647d0e5
SPEC-013	RP-004	pass	07/08	owner-boundary/flow review plus current hardware-free corpus; no individual-criterion pass inferred	8b741e91a271372ecf65bd279123975d058879d213ffaa24a8cd235f3647d0e5
SPEC-013	RP-005	pass	07/08	owner-boundary/flow review plus current hardware-free corpus; no individual-criterion pass inferred	8b741e91a271372ecf65bd279123975d058879d213ffaa24a8cd235f3647d0e5
SPEC-013	RP-006	pass	07/08	owner-boundary/flow review plus current hardware-free corpus; no individual-criterion pass inferred	8b741e91a271372ecf65bd279123975d058879d213ffaa24a8cd235f3647d0e5
SPEC-013	RP-007	pass	07/08	owner-boundary/flow review plus current hardware-free corpus; no individual-criterion pass inferred	8b741e91a271372ecf65bd279123975d058879d213ffaa24a8cd235f3647d0e5
SPEC-013	RP-008	pass	07/08	owner-boundary/flow review plus current hardware-free corpus; no individual-criterion pass inferred	8b741e91a271372ecf65bd279123975d058879d213ffaa24a8cd235f3647d0e5
SPEC-013	RP-009	pass	07/08	owner-boundary/flow review plus current hardware-free corpus; no individual-criterion pass inferred	8b741e91a271372ecf65bd279123975d058879d213ffaa24a8cd235f3647d0e5
SPEC-013	RP-010	pass	07/08	owner-boundary/flow review plus current hardware-free corpus; no individual-criterion pass inferred	8b741e91a271372ecf65bd279123975d058879d213ffaa24a8cd235f3647d0e5
SPEC-013	RP-011	pass	07/08	owner-boundary/flow review plus current hardware-free corpus; no individual-criterion pass inferred	8b741e91a271372ecf65bd279123975d058879d213ffaa24a8cd235f3647d0e5
SPEC-013	RP-012	pass	07/08	owner-boundary/flow review plus current hardware-free corpus; no individual-criterion pass inferred	8b741e91a271372ecf65bd279123975d058879d213ffaa24a8cd235f3647d0e5
SPEC-013	RP-013	pass	07/08	owner-boundary/flow review plus current hardware-free corpus; no individual-criterion pass inferred	8b741e91a271372ecf65bd279123975d058879d213ffaa24a8cd235f3647d0e5
SPEC-013	RP-014	pass	07/08	owner-boundary/flow review plus current hardware-free corpus; no individual-criterion pass inferred	8b741e91a271372ecf65bd279123975d058879d213ffaa24a8cd235f3647d0e5
SPEC-013	RP-015	pass	07/08	owner-boundary/flow review plus current hardware-free corpus; no individual-criterion pass inferred	8b741e91a271372ecf65bd279123975d058879d213ffaa24a8cd235f3647d0e5
SPEC-014	BI-001	pass	08	owner-boundary/flow review plus current hardware-free corpus; no individual-criterion pass inferred	60848c50dd2e3ce9c2aa52129bb050f95c5993849f823362a9b556d489031ce7
SPEC-014	BI-002	pass	08	owner-boundary/flow review plus current hardware-free corpus; no individual-criterion pass inferred	60848c50dd2e3ce9c2aa52129bb050f95c5993849f823362a9b556d489031ce7
SPEC-014	BI-003	pass	08	owner-boundary/flow review plus current hardware-free corpus; no individual-criterion pass inferred	60848c50dd2e3ce9c2aa52129bb050f95c5993849f823362a9b556d489031ce7
SPEC-014	BI-004	pass	08	owner-boundary/flow review plus current hardware-free corpus; no individual-criterion pass inferred	60848c50dd2e3ce9c2aa52129bb050f95c5993849f823362a9b556d489031ce7
SPEC-014	BI-005	pass	08	owner-boundary/flow review plus current hardware-free corpus; no individual-criterion pass inferred	60848c50dd2e3ce9c2aa52129bb050f95c5993849f823362a9b556d489031ce7
SPEC-014	BI-006	pass	08	owner-boundary/flow review plus current hardware-free corpus; no individual-criterion pass inferred	60848c50dd2e3ce9c2aa52129bb050f95c5993849f823362a9b556d489031ce7
SPEC-014	BI-007	pass	08	owner-boundary/flow review plus current hardware-free corpus; no individual-criterion pass inferred	60848c50dd2e3ce9c2aa52129bb050f95c5993849f823362a9b556d489031ce7
SPEC-014	BI-008	pass	08	owner-boundary/flow review plus current hardware-free corpus; no individual-criterion pass inferred	60848c50dd2e3ce9c2aa52129bb050f95c5993849f823362a9b556d489031ce7
SPEC-014	BI-009	pass	08	owner-boundary/flow review plus current hardware-free corpus; no individual-criterion pass inferred	60848c50dd2e3ce9c2aa52129bb050f95c5993849f823362a9b556d489031ce7
SPEC-014	BI-010	pass	08	owner-boundary/flow review plus current hardware-free corpus; no individual-criterion pass inferred	60848c50dd2e3ce9c2aa52129bb050f95c5993849f823362a9b556d489031ce7
SPEC-014	BI-011	pass	08	owner-boundary/flow review plus current hardware-free corpus; no individual-criterion pass inferred	60848c50dd2e3ce9c2aa52129bb050f95c5993849f823362a9b556d489031ce7
SPEC-014	BI-012	pass	08	owner-boundary/flow review plus current hardware-free corpus; no individual-criterion pass inferred	60848c50dd2e3ce9c2aa52129bb050f95c5993849f823362a9b556d489031ce7
SPEC-014	BI-013	pass	08	owner-boundary/flow review plus current hardware-free corpus; no individual-criterion pass inferred	60848c50dd2e3ce9c2aa52129bb050f95c5993849f823362a9b556d489031ce7
SPEC-014	BI-014	pass	08	owner-boundary/flow review plus current hardware-free corpus; no individual-criterion pass inferred	60848c50dd2e3ce9c2aa52129bb050f95c5993849f823362a9b556d489031ce7
SPEC-014	BI-015	pass	08	owner-boundary/flow review plus current hardware-free corpus; no individual-criterion pass inferred	60848c50dd2e3ce9c2aa52129bb050f95c5993849f823362a9b556d489031ce7
SPEC-015	HC-001	pass	08	owner-boundary/flow review plus current hardware-free corpus; no individual-criterion pass inferred	d61ae38251d6fca0cb459717f72e94456bf32d442267775ae1e9b0169c0238ac
SPEC-015	HC-002	pass	08	owner-boundary/flow review plus current hardware-free corpus; no individual-criterion pass inferred	d61ae38251d6fca0cb459717f72e94456bf32d442267775ae1e9b0169c0238ac
SPEC-015	HC-003	pass	08	owner-boundary/flow review plus current hardware-free corpus; no individual-criterion pass inferred	d61ae38251d6fca0cb459717f72e94456bf32d442267775ae1e9b0169c0238ac
SPEC-015	HC-004	pass	08	owner-boundary/flow review plus current hardware-free corpus; no individual-criterion pass inferred	d61ae38251d6fca0cb459717f72e94456bf32d442267775ae1e9b0169c0238ac
SPEC-015	HC-005	pass	08	owner-boundary/flow review plus current hardware-free corpus; no individual-criterion pass inferred	d61ae38251d6fca0cb459717f72e94456bf32d442267775ae1e9b0169c0238ac
SPEC-015	HC-006	pass	08	owner-boundary/flow review plus current hardware-free corpus; no individual-criterion pass inferred	d61ae38251d6fca0cb459717f72e94456bf32d442267775ae1e9b0169c0238ac
SPEC-015	HC-007	pass	08	owner-boundary/flow review plus current hardware-free corpus; no individual-criterion pass inferred	d61ae38251d6fca0cb459717f72e94456bf32d442267775ae1e9b0169c0238ac
SPEC-015	HC-008	pass	08	owner-boundary/flow review plus current hardware-free corpus; no individual-criterion pass inferred	d61ae38251d6fca0cb459717f72e94456bf32d442267775ae1e9b0169c0238ac
SPEC-015	HC-009	pass	08	owner-boundary/flow review plus current hardware-free corpus; no individual-criterion pass inferred	d61ae38251d6fca0cb459717f72e94456bf32d442267775ae1e9b0169c0238ac
SPEC-015	HC-010	pass	08	owner-boundary/flow review plus current hardware-free corpus; no individual-criterion pass inferred	d61ae38251d6fca0cb459717f72e94456bf32d442267775ae1e9b0169c0238ac
SPEC-015	HC-011	pass	08	owner-boundary/flow review plus current hardware-free corpus; no individual-criterion pass inferred	d61ae38251d6fca0cb459717f72e94456bf32d442267775ae1e9b0169c0238ac
SPEC-015	HC-012	pass	08	owner-boundary/flow review plus current hardware-free corpus; no individual-criterion pass inferred	d61ae38251d6fca0cb459717f72e94456bf32d442267775ae1e9b0169c0238ac
SPEC-015	HC-013	pass	08	owner-boundary/flow review plus current hardware-free corpus; no individual-criterion pass inferred	d61ae38251d6fca0cb459717f72e94456bf32d442267775ae1e9b0169c0238ac
SPEC-015	HC-014	pass	08	owner-boundary/flow review plus current hardware-free corpus; no individual-criterion pass inferred	d61ae38251d6fca0cb459717f72e94456bf32d442267775ae1e9b0169c0238ac
SPEC-015	HC-015	pass	08	owner-boundary/flow review plus current hardware-free corpus; no individual-criterion pass inferred	d61ae38251d6fca0cb459717f72e94456bf32d442267775ae1e9b0169c0238ac
SPEC-015	HC-016	pass	08	owner-boundary/flow review plus current hardware-free corpus; no individual-criterion pass inferred	d61ae38251d6fca0cb459717f72e94456bf32d442267775ae1e9b0169c0238ac
SPEC-015	HC-017	pass	08	owner-boundary/flow review plus current hardware-free corpus; no individual-criterion pass inferred	d61ae38251d6fca0cb459717f72e94456bf32d442267775ae1e9b0169c0238ac
SPEC-015	HC-018	pass	08	owner-boundary/flow review plus current hardware-free corpus; no individual-criterion pass inferred	d61ae38251d6fca0cb459717f72e94456bf32d442267775ae1e9b0169c0238ac
