check	exit_code	run_id	report_directory	input_inventory_or_metadata_sha256	execution_class
SPEC-001-macos-dynamic	0	20261004T140658Z-98762	.build/contract-reports/spec-001/20261004T140658Z-98762/macos-dynamic	09db40b57260e28af8a054d73b3dfee14d5bcc19227d7afe80f3faf7af582438	fresh timestamp report; metadata source/fixture/artifact identity, narrower than full closure
SPEC-002-macos-dynamic	0	b18da84a0622e2d24bfc1da8ce17fdf0c89faea7-5845a50eeb7d2730	.build/contract-reports/spec-002/b18da84a0622e2d24bfc1da8ce17fdf0c89faea7-5845a50eeb7d2730/macos-dynamic	5845a50eeb7d27303478225e1bd4ac0f9211c9480c8615f8dd41cb55d680a399	fresh immutable report
SPEC-003-macos-dynamic	0	b18da84a0622e2d24bfc1da8ce17fdf0c89faea7-5845a50eeb7d2730	.build/contract-reports/spec-003/b18da84a0622e2d24bfc1da8ce17fdf0c89faea7-5845a50eeb7d2730/macos-dynamic	5845a50eeb7d27303478225e1bd4ac0f9211c9480c8615f8dd41cb55d680a399	fresh immutable report
SPEC-004-macos-dynamic	0	b18da84a0622e2d24bfc1da8ce17fdf0c89faea7-5845a50eeb7d2730	.build/contract-reports/spec-004/b18da84a0622e2d24bfc1da8ce17fdf0c89faea7-5845a50eeb7d2730/macos-dynamic	5845a50eeb7d27303478225e1bd4ac0f9211c9480c8615f8dd41cb55d680a399	fresh immutable report
SPEC-005-macos-dynamic	0	b18da84a0622e2d24bfc1da8ce17fdf0c89faea7-91c75f621f54733c	.build/contract-reports/spec-005/b18da84a0622e2d24bfc1da8ce17fdf0c89faea7-91c75f621f54733c/macos-dynamic	91c75f621f54733ccc1a673cb75efed9b95f7e99350bd831865f789c9a8e12df	fresh immutable report
SPEC-006-macos-dynamic	0	b18da84a0622e2d24bfc1da8ce17fdf0c89faea7-2519f7ee7d9fd3e0	.build/contract-reports/spec-006/b18da84a0622e2d24bfc1da8ce17fdf0c89faea7-2519f7ee7d9fd3e0/macos-dynamic	2519f7ee7d9fd3e0f05136e1b0cbd1487c5d932e0f98b81b72811bee9df0a6cb	fresh immutable report
SPEC-007-macos-dynamic	0	b18da84a0622e2d24bfc1da8ce17fdf0c89faea7-88e8f7d4bd213aaf	.build/contract-reports/spec-007/b18da84a0622e2d24bfc1da8ce17fdf0c89faea7-88e8f7d4bd213aaf/macos-dynamic	88e8f7d4bd213aaf2138607c3833bcc3a5b2efa444526bccc4fce043792815ec	fresh immutable report
SPEC-008-macos-dynamic	0	b18da84a0622e2d24bfc1da8ce17fdf0c89faea7-cf3969a84328c135	.build/contract-reports/spec-008/b18da84a0622e2d24bfc1da8ce17fdf0c89faea7-cf3969a84328c135/macos-dynamic	cf3969a84328c1352bb1a3002fcb5731da55baae41d0d4dbd0b398ef13e9a89c	fresh immutable report
SPEC-009-macos-dynamic	0	b18da84a0622e2d24bfc1da8ce17fdf0c89faea7-16973c7d29593fdf	.build/contract-reports/spec-009/b18da84a0622e2d24bfc1da8ce17fdf0c89faea7-16973c7d29593fdf/macos-dynamic	16973c7d29593fdf6bcbf3d00afb2ec54c520cb9b3bdc6dc6bec8162bcc5da28	fresh immutable report
SPEC-010-macos-dynamic	0	b18da84a0622e2d24bfc1da8ce17fdf0c89faea7-195b7e7bafcc2d2b	.build/contract-reports/spec-010/b18da84a0622e2d24bfc1da8ce17fdf0c89faea7-195b7e7bafcc2d2b/macos-dynamic	195b7e7bafcc2d2b6e4fcce717b439ae70aacd31fbe3b95cda1bc20a1f4a549b	fresh immutable report
SPEC-011-macos-dynamic	0	b18da84a0622e2d24bfc1da8ce17fdf0c89faea7-5845a50eeb7d2730	.build/contract-reports/spec-011/b18da84a0622e2d24bfc1da8ce17fdf0c89faea7-5845a50eeb7d2730/macos-dynamic	5845a50eeb7d27303478225e1bd4ac0f9211c9480c8615f8dd41cb55d680a399	fresh immutable report
SPEC-012-macos-dynamic	0	b18da84a0622e2d24bfc1da8ce17fdf0c89faea7-1c61dbad1d952f9d	.build/contract-reports/spec-012/b18da84a0622e2d24bfc1da8ce17fdf0c89faea7-1c61dbad1d952f9d/macos-dynamic	1c61dbad1d952f9d67aac77831a71018d65334ba4eaf1161e8d08242e105fdd3	fresh immutable report
SPEC-013-macos-dynamic	0	b18da84a0622e2d24bfc1da8ce17fdf0c89faea7-3011c2f2a2dbab33	.build/contract-reports/spec-013/b18da84a0622e2d24bfc1da8ce17fdf0c89faea7-3011c2f2a2dbab33/macos-dynamic	3011c2f2a2dbab33680aa18a9d5f75d9ea12a3c3d832bf6d21c8fda291a24bac	idempotent verified reuse
SPEC-014-macos-dynamic	0	b18da84a0622e2d24bfc1da8ce17fdf0c89faea7-1ce1350e35612489	.build/spec-014/reports/b18da84a0622e2d24bfc1da8ce17fdf0c89faea7-1ce1350e35612489/macos-dynamic	1ce1350e356124894718c75c8099728663effd311107eb27a3c266277b3abcd5	fresh immutable report
SPEC-015-macos-dynamic	0	b18da84a0622e2d24bfc1da8ce17fdf0c89faea7-5845a50eeb7d2730	.build/contract-reports/spec-015/b18da84a0622e2d24bfc1da8ce17fdf0c89faea7-5845a50eeb7d2730/macos-dynamic	5845a50eeb7d27303478225e1bd4ac0f9211c9480c8615f8dd41cb55d680a399	idempotent verified reuse
SPEC-001-macos-static	0	20261004T141555Z-12014	.build/contract-reports/spec-001/20261004T141555Z-12014/macos-static	f97f02883b39eb0dd1e053bb51a168883fa7579f1957c336fb81c659982f7bc7	fresh timestamp report; metadata source/fixture/artifact identity, narrower than full closure
SPEC-002-macos-static	0	b18da84a0622e2d24bfc1da8ce17fdf0c89faea7-5845a50eeb7d2730	.build/contract-reports/spec-002/b18da84a0622e2d24bfc1da8ce17fdf0c89faea7-5845a50eeb7d2730/macos-static	5845a50eeb7d27303478225e1bd4ac0f9211c9480c8615f8dd41cb55d680a399	fresh immutable report
SPEC-003-macos-static	0	b18da84a0622e2d24bfc1da8ce17fdf0c89faea7-5845a50eeb7d2730	.build/contract-reports/spec-003/b18da84a0622e2d24bfc1da8ce17fdf0c89faea7-5845a50eeb7d2730/macos-static	5845a50eeb7d27303478225e1bd4ac0f9211c9480c8615f8dd41cb55d680a399	fresh immutable report
SPEC-004-macos-static	0	b18da84a0622e2d24bfc1da8ce17fdf0c89faea7-5845a50eeb7d2730	.build/contract-reports/spec-004/b18da84a0622e2d24bfc1da8ce17fdf0c89faea7-5845a50eeb7d2730/macos-static	5845a50eeb7d27303478225e1bd4ac0f9211c9480c8615f8dd41cb55d680a399	fresh immutable report
SPEC-005-macos-static	0	b18da84a0622e2d24bfc1da8ce17fdf0c89faea7-91c75f621f54733c	.build/contract-reports/spec-005/b18da84a0622e2d24bfc1da8ce17fdf0c89faea7-91c75f621f54733c/macos-static	91c75f621f54733ccc1a673cb75efed9b95f7e99350bd831865f789c9a8e12df	fresh immutable report
SPEC-006-macos-static	0	b18da84a0622e2d24bfc1da8ce17fdf0c89faea7-2519f7ee7d9fd3e0	.build/contract-reports/spec-006/b18da84a0622e2d24bfc1da8ce17fdf0c89faea7-2519f7ee7d9fd3e0/macos-static	2519f7ee7d9fd3e0f05136e1b0cbd1487c5d932e0f98b81b72811bee9df0a6cb	fresh immutable report
SPEC-007-macos-static	0	b18da84a0622e2d24bfc1da8ce17fdf0c89faea7-88e8f7d4bd213aaf	.build/contract-reports/spec-007/b18da84a0622e2d24bfc1da8ce17fdf0c89faea7-88e8f7d4bd213aaf/macos-static	88e8f7d4bd213aaf2138607c3833bcc3a5b2efa444526bccc4fce043792815ec	fresh immutable report
SPEC-008-macos-static	0	b18da84a0622e2d24bfc1da8ce17fdf0c89faea7-cf3969a84328c135	.build/contract-reports/spec-008/b18da84a0622e2d24bfc1da8ce17fdf0c89faea7-cf3969a84328c135/macos-static	cf3969a84328c1352bb1a3002fcb5731da55baae41d0d4dbd0b398ef13e9a89c	fresh immutable report
SPEC-009-macos-static	0	b18da84a0622e2d24bfc1da8ce17fdf0c89faea7-16973c7d29593fdf	.build/contract-reports/spec-009/b18da84a0622e2d24bfc1da8ce17fdf0c89faea7-16973c7d29593fdf/macos-static	16973c7d29593fdf6bcbf3d00afb2ec54c520cb9b3bdc6dc6bec8162bcc5da28	fresh immutable report
SPEC-010-macos-static	0	b18da84a0622e2d24bfc1da8ce17fdf0c89faea7-195b7e7bafcc2d2b	.build/contract-reports/spec-010/b18da84a0622e2d24bfc1da8ce17fdf0c89faea7-195b7e7bafcc2d2b/macos-static	195b7e7bafcc2d2b6e4fcce717b439ae70aacd31fbe3b95cda1bc20a1f4a549b	fresh immutable report
SPEC-011-macos-static	0	b18da84a0622e2d24bfc1da8ce17fdf0c89faea7-5845a50eeb7d2730	.build/contract-reports/spec-011/b18da84a0622e2d24bfc1da8ce17fdf0c89faea7-5845a50eeb7d2730/macos-static	5845a50eeb7d27303478225e1bd4ac0f9211c9480c8615f8dd41cb55d680a399	fresh immutable report
SPEC-012-macos-static	0	b18da84a0622e2d24bfc1da8ce17fdf0c89faea7-1c61dbad1d952f9d	.build/contract-reports/spec-012/b18da84a0622e2d24bfc1da8ce17fdf0c89faea7-1c61dbad1d952f9d/macos-static	1c61dbad1d952f9d67aac77831a71018d65334ba4eaf1161e8d08242e105fdd3	fresh immutable report
SPEC-013-macos-static	0	b18da84a0622e2d24bfc1da8ce17fdf0c89faea7-3011c2f2a2dbab33	.build/contract-reports/spec-013/b18da84a0622e2d24bfc1da8ce17fdf0c89faea7-3011c2f2a2dbab33/macos-static	3011c2f2a2dbab33680aa18a9d5f75d9ea12a3c3d832bf6d21c8fda291a24bac	idempotent verified reuse
SPEC-014-macos-static	0	b18da84a0622e2d24bfc1da8ce17fdf0c89faea7-1ce1350e35612489	.build/spec-014/reports/b18da84a0622e2d24bfc1da8ce17fdf0c89faea7-1ce1350e35612489/macos-static	1ce1350e356124894718c75c8099728663effd311107eb27a3c266277b3abcd5	fresh immutable report
SPEC-015-macos-static	0	b18da84a0622e2d24bfc1da8ce17fdf0c89faea7-5845a50eeb7d2730	.build/contract-reports/spec-015/b18da84a0622e2d24bfc1da8ce17fdf0c89faea7-5845a50eeb7d2730/macos-static	5845a50eeb7d27303478225e1bd4ac0f9211c9480c8615f8dd41cb55d680a399	idempotent verified reuse
SPEC-001-raspberry-pi-armv6	0	20261004T142310Z-23558	.build/contract-reports/spec-001/20261004T142310Z-23558/raspberry-pi-armv6	6b42a40bf05116a26b5e624f10bc12f31e3dfc235fab8aaac547b0a1290e3095	fresh timestamp report; metadata source/fixture/artifact identity, narrower than full closure
SPEC-002-raspberry-pi-armv6	0	b18da84a0622e2d24bfc1da8ce17fdf0c89faea7-5845a50eeb7d2730	.build/contract-reports/spec-002/b18da84a0622e2d24bfc1da8ce17fdf0c89faea7-5845a50eeb7d2730/raspberry-pi-armv6	5845a50eeb7d27303478225e1bd4ac0f9211c9480c8615f8dd41cb55d680a399	fresh immutable report
SPEC-003-raspberry-pi-armv6	0	b18da84a0622e2d24bfc1da8ce17fdf0c89faea7-457fc7e1b9000afd	.build/contract-reports/spec-003/b18da84a0622e2d24bfc1da8ce17fdf0c89faea7-457fc7e1b9000afd/raspberry-pi-armv6	457fc7e1b9000afde9d22d9767dde00c02fc308fab1a961cdcc8ec7f686655be	fresh immutable report
SPEC-004-raspberry-pi-armv6	0	b18da84a0622e2d24bfc1da8ce17fdf0c89faea7-457fc7e1b9000afd	.build/contract-reports/spec-004/b18da84a0622e2d24bfc1da8ce17fdf0c89faea7-457fc7e1b9000afd/raspberry-pi-armv6	457fc7e1b9000afde9d22d9767dde00c02fc308fab1a961cdcc8ec7f686655be	fresh immutable report
SPEC-005-raspberry-pi-armv6	0	b18da84a0622e2d24bfc1da8ce17fdf0c89faea7-91c75f621f54733c	.build/contract-reports/spec-005/b18da84a0622e2d24bfc1da8ce17fdf0c89faea7-91c75f621f54733c/raspberry-pi-armv6	91c75f621f54733ccc1a673cb75efed9b95f7e99350bd831865f789c9a8e12df	fresh immutable report
SPEC-006-raspberry-pi-armv6	0	b18da84a0622e2d24bfc1da8ce17fdf0c89faea7-2519f7ee7d9fd3e0	.build/contract-reports/spec-006/b18da84a0622e2d24bfc1da8ce17fdf0c89faea7-2519f7ee7d9fd3e0/raspberry-pi-armv6	2519f7ee7d9fd3e0f05136e1b0cbd1487c5d932e0f98b81b72811bee9df0a6cb	fresh immutable report
SPEC-007-raspberry-pi-armv6	0	b18da84a0622e2d24bfc1da8ce17fdf0c89faea7-88e8f7d4bd213aaf	.build/contract-reports/spec-007/b18da84a0622e2d24bfc1da8ce17fdf0c89faea7-88e8f7d4bd213aaf/raspberry-pi-armv6	88e8f7d4bd213aaf2138607c3833bcc3a5b2efa444526bccc4fce043792815ec	fresh immutable report
SPEC-008-raspberry-pi-armv6	0	b18da84a0622e2d24bfc1da8ce17fdf0c89faea7-cf3969a84328c135	.build/contract-reports/spec-008/b18da84a0622e2d24bfc1da8ce17fdf0c89faea7-cf3969a84328c135/raspberry-pi-armv6	cf3969a84328c1352bb1a3002fcb5731da55baae41d0d4dbd0b398ef13e9a89c	fresh immutable report
SPEC-009-raspberry-pi-armv6	0	b18da84a0622e2d24bfc1da8ce17fdf0c89faea7-16973c7d29593fdf	.build/contract-reports/spec-009/b18da84a0622e2d24bfc1da8ce17fdf0c89faea7-16973c7d29593fdf/raspberry-pi-armv6	16973c7d29593fdf6bcbf3d00afb2ec54c520cb9b3bdc6dc6bec8162bcc5da28	fresh immutable report
SPEC-010-raspberry-pi-armv6	0	b18da84a0622e2d24bfc1da8ce17fdf0c89faea7-195b7e7bafcc2d2b	.build/contract-reports/spec-010/b18da84a0622e2d24bfc1da8ce17fdf0c89faea7-195b7e7bafcc2d2b/raspberry-pi-armv6	195b7e7bafcc2d2b6e4fcce717b439ae70aacd31fbe3b95cda1bc20a1f4a549b	fresh immutable report
SPEC-011-raspberry-pi-armv6	0	b18da84a0622e2d24bfc1da8ce17fdf0c89faea7-457fc7e1b9000afd	.build/contract-reports/spec-011/b18da84a0622e2d24bfc1da8ce17fdf0c89faea7-457fc7e1b9000afd/raspberry-pi-armv6	457fc7e1b9000afde9d22d9767dde00c02fc308fab1a961cdcc8ec7f686655be	fresh immutable report
SPEC-012-raspberry-pi-armv6	0	b18da84a0622e2d24bfc1da8ce17fdf0c89faea7-1c61dbad1d952f9d	.build/contract-reports/spec-012/b18da84a0622e2d24bfc1da8ce17fdf0c89faea7-1c61dbad1d952f9d/raspberry-pi-armv6	1c61dbad1d952f9d67aac77831a71018d65334ba4eaf1161e8d08242e105fdd3	fresh immutable report
SPEC-013-raspberry-pi-armv6	0	b18da84a0622e2d24bfc1da8ce17fdf0c89faea7-3011c2f2a2dbab33	.build/contract-reports/spec-013/b18da84a0622e2d24bfc1da8ce17fdf0c89faea7-3011c2f2a2dbab33/raspberry-pi-armv6	3011c2f2a2dbab33680aa18a9d5f75d9ea12a3c3d832bf6d21c8fda291a24bac	idempotent verified reuse
SPEC-014-raspberry-pi-armv6	0	b18da84a0622e2d24bfc1da8ce17fdf0c89faea7-1ce1350e35612489	.build/spec-014/reports/b18da84a0622e2d24bfc1da8ce17fdf0c89faea7-1ce1350e35612489/raspberry-pi-armv6	1ce1350e356124894718c75c8099728663effd311107eb27a3c266277b3abcd5	fresh immutable report
SPEC-015-raspberry-pi-armv6	0	b18da84a0622e2d24bfc1da8ce17fdf0c89faea7-457fc7e1b9000afd	.build/contract-reports/spec-015/b18da84a0622e2d24bfc1da8ce17fdf0c89faea7-457fc7e1b9000afd/raspberry-pi-armv6	457fc7e1b9000afde9d22d9767dde00c02fc308fab1a961cdcc8ec7f686655be	idempotent verified reuse
SPEC-001-nrf52840-embedded	0	20261004T144054Z-36978	.build/contract-reports/spec-001/20261004T144054Z-36978/nrf52840-embedded	9623559b45b1cbd10cb40e90dbec03a476791c082bd27a05402e2c60f88a13e5	fresh timestamp report; metadata source/fixture/artifact identity, narrower than full closure
SPEC-002-nrf52840-embedded	0	b18da84a0622e2d24bfc1da8ce17fdf0c89faea7-457fc7e1b9000afd	.build/contract-reports/spec-002/b18da84a0622e2d24bfc1da8ce17fdf0c89faea7-457fc7e1b9000afd/nrf52840-embedded	457fc7e1b9000afde9d22d9767dde00c02fc308fab1a961cdcc8ec7f686655be	fresh immutable report
SPEC-003-nrf52840-embedded	0	b18da84a0622e2d24bfc1da8ce17fdf0c89faea7-457fc7e1b9000afd	.build/contract-reports/spec-003/b18da84a0622e2d24bfc1da8ce17fdf0c89faea7-457fc7e1b9000afd/nrf52840-embedded	457fc7e1b9000afde9d22d9767dde00c02fc308fab1a961cdcc8ec7f686655be	fresh immutable report
SPEC-004-nrf52840-embedded	0	b18da84a0622e2d24bfc1da8ce17fdf0c89faea7-457fc7e1b9000afd	.build/contract-reports/spec-004/b18da84a0622e2d24bfc1da8ce17fdf0c89faea7-457fc7e1b9000afd/nrf52840-embedded	457fc7e1b9000afde9d22d9767dde00c02fc308fab1a961cdcc8ec7f686655be	fresh immutable report
SPEC-005-nrf52840-embedded	0	b18da84a0622e2d24bfc1da8ce17fdf0c89faea7-91c75f621f54733c	.build/contract-reports/spec-005/b18da84a0622e2d24bfc1da8ce17fdf0c89faea7-91c75f621f54733c/nrf52840-embedded	91c75f621f54733ccc1a673cb75efed9b95f7e99350bd831865f789c9a8e12df	fresh immutable report
SPEC-006-nrf52840-embedded	0	b18da84a0622e2d24bfc1da8ce17fdf0c89faea7-2519f7ee7d9fd3e0	.build/contract-reports/spec-006/b18da84a0622e2d24bfc1da8ce17fdf0c89faea7-2519f7ee7d9fd3e0/nrf52840-embedded	2519f7ee7d9fd3e0f05136e1b0cbd1487c5d932e0f98b81b72811bee9df0a6cb	fresh immutable report
SPEC-007-nrf52840-embedded	0	b18da84a0622e2d24bfc1da8ce17fdf0c89faea7-88e8f7d4bd213aaf	.build/contract-reports/spec-007/b18da84a0622e2d24bfc1da8ce17fdf0c89faea7-88e8f7d4bd213aaf/nrf52840-embedded	88e8f7d4bd213aaf2138607c3833bcc3a5b2efa444526bccc4fce043792815ec	fresh immutable report
SPEC-008-nrf52840-embedded	0	b18da84a0622e2d24bfc1da8ce17fdf0c89faea7-cf3969a84328c135	.build/contract-reports/spec-008/b18da84a0622e2d24bfc1da8ce17fdf0c89faea7-cf3969a84328c135/nrf52840-embedded	cf3969a84328c1352bb1a3002fcb5731da55baae41d0d4dbd0b398ef13e9a89c	fresh immutable report
SPEC-009-nrf52840-embedded	0	b18da84a0622e2d24bfc1da8ce17fdf0c89faea7-16973c7d29593fdf	.build/contract-reports/spec-009/b18da84a0622e2d24bfc1da8ce17fdf0c89faea7-16973c7d29593fdf/nrf52840-embedded	16973c7d29593fdf6bcbf3d00afb2ec54c520cb9b3bdc6dc6bec8162bcc5da28	fresh immutable report
SPEC-010-nrf52840-embedded	0	b18da84a0622e2d24bfc1da8ce17fdf0c89faea7-195b7e7bafcc2d2b	.build/contract-reports/spec-010/b18da84a0622e2d24bfc1da8ce17fdf0c89faea7-195b7e7bafcc2d2b/nrf52840-embedded	195b7e7bafcc2d2b6e4fcce717b439ae70aacd31fbe3b95cda1bc20a1f4a549b	fresh immutable report
SPEC-011-nrf52840-embedded	0	b18da84a0622e2d24bfc1da8ce17fdf0c89faea7-457fc7e1b9000afd	.build/contract-reports/spec-011/b18da84a0622e2d24bfc1da8ce17fdf0c89faea7-457fc7e1b9000afd/nrf52840-embedded	457fc7e1b9000afde9d22d9767dde00c02fc308fab1a961cdcc8ec7f686655be	fresh immutable report
SPEC-012-nrf52840-embedded	0	b18da84a0622e2d24bfc1da8ce17fdf0c89faea7-1c61dbad1d952f9d	.build/contract-reports/spec-012/b18da84a0622e2d24bfc1da8ce17fdf0c89faea7-1c61dbad1d952f9d/nrf52840-embedded	1c61dbad1d952f9d67aac77831a71018d65334ba4eaf1161e8d08242e105fdd3	fresh immutable report
SPEC-013-nrf52840-embedded	0	b18da84a0622e2d24bfc1da8ce17fdf0c89faea7-3011c2f2a2dbab33	.build/contract-reports/spec-013/b18da84a0622e2d24bfc1da8ce17fdf0c89faea7-3011c2f2a2dbab33/nrf52840-embedded	3011c2f2a2dbab33680aa18a9d5f75d9ea12a3c3d832bf6d21c8fda291a24bac	idempotent verified reuse
SPEC-014-nrf52840-embedded	0	b18da84a0622e2d24bfc1da8ce17fdf0c89faea7-1ce1350e35612489	.build/spec-014/reports/b18da84a0622e2d24bfc1da8ce17fdf0c89faea7-1ce1350e35612489/nrf52840-embedded	1ce1350e356124894718c75c8099728663effd311107eb27a3c266277b3abcd5	fresh immutable report
SPEC-015-nrf52840-embedded	0	b18da84a0622e2d24bfc1da8ce17fdf0c89faea7-457fc7e1b9000afd	.build/contract-reports/spec-015/b18da84a0622e2d24bfc1da8ce17fdf0c89faea7-457fc7e1b9000afd/nrf52840-embedded	457fc7e1b9000afde9d22d9767dde00c02fc308fab1a961cdcc8ec7f686655be	idempotent verified reuse
