check	exit_code	raw_log
governance	0	.build/test-reports/all-hardware-free/logs/governance.log
governance-tooling	0	.build/test-reports/all-hardware-free/logs/governance-tooling.log
swift-format	0	.build/test-reports/all-hardware-free/logs/swift-format.log
driver-registry	0	.build/test-reports/all-hardware-free/logs/driver-registry.log
spec-013-migration	0	.build/test-reports/all-hardware-free/logs/spec-013-migration.log
spec-013-dynamic-binding	0	.build/test-reports/all-hardware-free/logs/spec-013-dynamic-binding.log
spec-013-static-generated-fixture	0	.build/test-reports/all-hardware-free/logs/spec-013-static-generated-fixture.log
spec-013-static-storage	0	.build/test-reports/all-hardware-free/logs/spec-013-static-storage.log
spec-013-macos-static	0	.build/test-reports/all-hardware-free/logs/spec-013-macos-static.log
spec-013-nrf-static	0	.build/test-reports/all-hardware-free/logs/spec-013-nrf-static.log
root-tests	0	.build/test-reports/all-hardware-free/logs/root-tests.log
spec-003-diagnostic-buffer	0	.build/test-reports/all-hardware-free/logs/spec-003-diagnostic-buffer.log
SPEC-001-macos-dynamic	0	.build/test-reports/all-hardware-free/logs/SPEC-001-macos-dynamic.log
SPEC-002-macos-dynamic	0	.build/test-reports/all-hardware-free/logs/SPEC-002-macos-dynamic.log
SPEC-003-macos-dynamic	0	.build/test-reports/all-hardware-free/logs/SPEC-003-macos-dynamic.log
SPEC-004-macos-dynamic	0	.build/test-reports/all-hardware-free/logs/SPEC-004-macos-dynamic.log
SPEC-005-macos-dynamic	0	.build/test-reports/all-hardware-free/logs/SPEC-005-macos-dynamic.log
SPEC-006-macos-dynamic	0	.build/test-reports/all-hardware-free/logs/SPEC-006-macos-dynamic.log
SPEC-007-macos-dynamic	0	.build/test-reports/all-hardware-free/logs/SPEC-007-macos-dynamic.log
SPEC-008-macos-dynamic	0	.build/test-reports/all-hardware-free/logs/SPEC-008-macos-dynamic.log
SPEC-009-macos-dynamic	0	.build/test-reports/all-hardware-free/logs/SPEC-009-macos-dynamic.log
SPEC-010-macos-dynamic	0	.build/test-reports/all-hardware-free/logs/SPEC-010-macos-dynamic.log
SPEC-011-macos-dynamic	0	.build/test-reports/all-hardware-free/logs/SPEC-011-macos-dynamic.log
SPEC-012-macos-dynamic	0	.build/test-reports/all-hardware-free/logs/SPEC-012-macos-dynamic.log
SPEC-013-macos-dynamic	0	.build/test-reports/all-hardware-free/logs/SPEC-013-macos-dynamic.log
SPEC-014-macos-dynamic	0	.build/test-reports/all-hardware-free/logs/SPEC-014-macos-dynamic.log
SPEC-015-macos-dynamic	0	.build/test-reports/all-hardware-free/logs/SPEC-015-macos-dynamic.log
SPEC-001-macos-static	0	.build/test-reports/all-hardware-free/logs/SPEC-001-macos-static.log
SPEC-002-macos-static	0	.build/test-reports/all-hardware-free/logs/SPEC-002-macos-static.log
SPEC-003-macos-static	0	.build/test-reports/all-hardware-free/logs/SPEC-003-macos-static.log
SPEC-004-macos-static	0	.build/test-reports/all-hardware-free/logs/SPEC-004-macos-static.log
SPEC-005-macos-static	0	.build/test-reports/all-hardware-free/logs/SPEC-005-macos-static.log
SPEC-006-macos-static	0	.build/test-reports/all-hardware-free/logs/SPEC-006-macos-static.log
SPEC-007-macos-static	0	.build/test-reports/all-hardware-free/logs/SPEC-007-macos-static.log
SPEC-008-macos-static	0	.build/test-reports/all-hardware-free/logs/SPEC-008-macos-static.log
SPEC-009-macos-static	0	.build/test-reports/all-hardware-free/logs/SPEC-009-macos-static.log
SPEC-010-macos-static	0	.build/test-reports/all-hardware-free/logs/SPEC-010-macos-static.log
SPEC-011-macos-static	0	.build/test-reports/all-hardware-free/logs/SPEC-011-macos-static.log
SPEC-012-macos-static	0	.build/test-reports/all-hardware-free/logs/SPEC-012-macos-static.log
SPEC-013-macos-static	0	.build/test-reports/all-hardware-free/logs/SPEC-013-macos-static.log
SPEC-014-macos-static	0	.build/test-reports/all-hardware-free/logs/SPEC-014-macos-static.log
SPEC-015-macos-static	0	.build/test-reports/all-hardware-free/logs/SPEC-015-macos-static.log
SPEC-001-raspberry-pi-armv6	0	.build/test-reports/all-hardware-free/logs/SPEC-001-raspberry-pi-armv6.log
SPEC-002-raspberry-pi-armv6	0	.build/test-reports/all-hardware-free/logs/SPEC-002-raspberry-pi-armv6.log
SPEC-003-raspberry-pi-armv6	0	.build/test-reports/all-hardware-free/logs/SPEC-003-raspberry-pi-armv6.log
SPEC-004-raspberry-pi-armv6	0	.build/test-reports/all-hardware-free/logs/SPEC-004-raspberry-pi-armv6.log
SPEC-005-raspberry-pi-armv6	0	.build/test-reports/all-hardware-free/logs/SPEC-005-raspberry-pi-armv6.log
SPEC-006-raspberry-pi-armv6	0	.build/test-reports/all-hardware-free/logs/SPEC-006-raspberry-pi-armv6.log
SPEC-007-raspberry-pi-armv6	0	.build/test-reports/all-hardware-free/logs/SPEC-007-raspberry-pi-armv6.log
SPEC-008-raspberry-pi-armv6	0	.build/test-reports/all-hardware-free/logs/SPEC-008-raspberry-pi-armv6.log
SPEC-009-raspberry-pi-armv6	0	.build/test-reports/all-hardware-free/logs/SPEC-009-raspberry-pi-armv6.log
SPEC-010-raspberry-pi-armv6	0	.build/test-reports/all-hardware-free/logs/SPEC-010-raspberry-pi-armv6.log
SPEC-011-raspberry-pi-armv6	0	.build/test-reports/all-hardware-free/logs/SPEC-011-raspberry-pi-armv6.log
SPEC-012-raspberry-pi-armv6	0	.build/test-reports/all-hardware-free/logs/SPEC-012-raspberry-pi-armv6.log
SPEC-013-raspberry-pi-armv6	0	.build/test-reports/all-hardware-free/logs/SPEC-013-raspberry-pi-armv6.log
SPEC-014-raspberry-pi-armv6	0	.build/test-reports/all-hardware-free/logs/SPEC-014-raspberry-pi-armv6.log
SPEC-015-raspberry-pi-armv6	0	.build/test-reports/all-hardware-free/logs/SPEC-015-raspberry-pi-armv6.log
SPEC-001-nrf52840-embedded	0	.build/test-reports/all-hardware-free/logs/SPEC-001-nrf52840-embedded.log
SPEC-002-nrf52840-embedded	0	.build/test-reports/all-hardware-free/logs/SPEC-002-nrf52840-embedded.log
SPEC-003-nrf52840-embedded	0	.build/test-reports/all-hardware-free/logs/SPEC-003-nrf52840-embedded.log
SPEC-004-nrf52840-embedded	0	.build/test-reports/all-hardware-free/logs/SPEC-004-nrf52840-embedded.log
SPEC-005-nrf52840-embedded	0	.build/test-reports/all-hardware-free/logs/SPEC-005-nrf52840-embedded.log
SPEC-006-nrf52840-embedded	0	.build/test-reports/all-hardware-free/logs/SPEC-006-nrf52840-embedded.log
SPEC-007-nrf52840-embedded	0	.build/test-reports/all-hardware-free/logs/SPEC-007-nrf52840-embedded.log
SPEC-008-nrf52840-embedded	0	.build/test-reports/all-hardware-free/logs/SPEC-008-nrf52840-embedded.log
SPEC-009-nrf52840-embedded	0	.build/test-reports/all-hardware-free/logs/SPEC-009-nrf52840-embedded.log
SPEC-010-nrf52840-embedded	0	.build/test-reports/all-hardware-free/logs/SPEC-010-nrf52840-embedded.log
SPEC-011-nrf52840-embedded	0	.build/test-reports/all-hardware-free/logs/SPEC-011-nrf52840-embedded.log
SPEC-012-nrf52840-embedded	0	.build/test-reports/all-hardware-free/logs/SPEC-012-nrf52840-embedded.log
SPEC-013-nrf52840-embedded	0	.build/test-reports/all-hardware-free/logs/SPEC-013-nrf52840-embedded.log
SPEC-014-nrf52840-embedded	0	.build/test-reports/all-hardware-free/logs/SPEC-014-nrf52840-embedded.log
SPEC-015-nrf52840-embedded	0	.build/test-reports/all-hardware-free/logs/SPEC-015-nrf52840-embedded.log
