module	type	path	swift_files	lines	generated_files	opening_if	public_lines	package_lines	imports
GiftUI	regular	Sources/GiftUI	16	1734	0	3	196	115	-
GiftUIBackendIntegration	regular	Sources/GiftUIBackendIntegration	10	1732	0	0	0	82	GiftUI,GiftUICapabilities,GiftUIDisplayCore,GiftUIExecution,GiftUIFailureCore,GiftUIRasterCore,GiftUIRenderCore,GiftUISurfaceCore,GiftUITextResources
GiftUIBackendIntegrationTests	test	Tests/GiftUIBackendIntegrationTests	10	4073	0	0	0	0	Foundation,GiftUI,GiftUIBackendIntegration,GiftUICapabilities,GiftUIDisplayCore,GiftUIExecution,GiftUIFailureCore,GiftUIRasterCore,GiftUIRenderCore,GiftUISurfaceCore,GiftUITextResources,Testing
GiftUICapabilities	regular	Sources/GiftUICapabilities	1	1267	0	5	130	0	-
GiftUICapabilitiesTests	test	Tests/GiftUICapabilitiesTests	1	1662	0	0	0	0	GiftUICapabilities,XCTest
GiftUICapabilityAdapterTests	test	Tests/GiftUICapabilityAdapterTests	1	342	0	0	0	0	GiftUI,GiftUICapabilities,XCTest
GiftUICapabilityFailureAdapterFixture	regular	Sources/GiftUICapabilityFailureAdapterFixture	1	51	0	0	0	0	GiftUICapabilities,GiftUIFailureCore
GiftUICapabilityFailureAdapterTests	test	Tests/GiftUICapabilityFailureAdapterTests	1	262	0	0	0	0	GiftUICapabilities,GiftUICapabilityFailureAdapterFixture,GiftUIFailureCore,XCTest
GiftUIDisplayCore	regular	Sources/GiftUIDisplayCore	2	120	0	0	0	11	GiftUI,GiftUICapabilities,GiftUIFailureCore,GiftUISurfaceCore
GiftUIDisplayCoreTests	test	Tests/GiftUIDisplayCoreTests	8	1715	0	0	0	0	GiftUI,GiftUICapabilities,GiftUIDisplayCore,GiftUIFailureCore,GiftUISurfaceCore,Testing
GiftUIDrawing	regular	Sources/GiftUIDrawing	10	930	0	0	0	44	GiftUI,GiftUIExecution,GiftUILayout,GiftUIRenderCore,GiftUIRenderLowering,GiftUISemanticCore,GiftUITextResources
GiftUIDrawingFailureAdapterFixture	regular	Sources/GiftUIDrawingFailureAdapterFixture	1	49	0	0	0	4	GiftUIDrawing,GiftUIFailureCore
GiftUIDrawingTests	test	Tests/GiftUIDrawingTests	14	4560	1	1	0	0	GiftUI,GiftUIDrawing,GiftUIDrawingFailureAdapterFixture,GiftUIExecution,GiftUIFailureCore,GiftUILayout,GiftUIRenderCore,GiftUIRenderLowering,GiftUISemanticCore,GiftUITextResources,Testing,XCTest
GiftUIDynamicConveniences	regular	Sources/GiftUIDynamicConveniences	1	7	0	0	1	0	GiftUI
GiftUIExecution	regular	Sources/GiftUIExecution	27	2829	0	0	0	139	GiftUI,GiftUIRenderCore
GiftUIExecutionTests	test	Tests/GiftUIExecutionTests	27	5173	0	0	0	0	GiftUI,GiftUIExecution,GiftUIRenderCore,Testing
GiftUIFailureCore	regular	Sources/GiftUIFailureCore	1	476	0	0	103	0	-
GiftUIFailureCoreTests	test	Tests/GiftUIFailureCoreTests	1	1152	0	0	0	0	Foundation,GiftUIFailureCore,XCTest
GiftUIFailureDiagnostics	regular	Sources/GiftUIFailureDiagnostics	2	452	0	2	23	2	GiftUIFailureCore
GiftUIFailureDiagnosticsTests	test	Tests/GiftUIFailureDiagnosticsTests	2	399	0	1	0	0	GiftUIFailureCore,GiftUIFailureDiagnostics,XCTest
GiftUIFailureExecution	regular	Sources/GiftUIFailureExecution	2	334	0	0	5	21	GiftUIExecution,GiftUIFailureCore
GiftUIFailureExecutionTests	test	Tests/GiftUIFailureExecutionTests	5	803	0	0	0	0	GiftUIExecution,GiftUIFailureCore,GiftUIFailureDiagnostics,GiftUIFailureExecution,GiftUIRenderCore,Testing
GiftUIFoundationFailureAdapterTests	test	Tests/GiftUIFoundationFailureAdapterTests	1	198	0	0	0	0	GiftUI,GiftUIFailureCore,XCTest
GiftUIHostConfiguration	regular	Sources/GiftUIHostConfiguration	23	3532	1	0	0	406	GiftUI,GiftUIBackendIntegration,GiftUICapabilities,GiftUIDisplayCore,GiftUIExecution,GiftUIFailureCore,GiftUIRasterCore,GiftUIRuntimeCore,GiftUISurfaceCore,GiftUITextResources
GiftUIHostConfigurationTests	test	Tests/GiftUIHostConfigurationTests	78	20006	0	8	0	0	GiftUI,GiftUIBackendIntegration,GiftUICapabilities,GiftUIDisplayCore,GiftUIDrawing,GiftUIExecution,GiftUIFailureCore,GiftUIHostConfiguration,GiftUIInteraction,GiftUILayout,GiftUIObservableState,GiftUIPlatformRaspberryPi,GiftUIRasterCore,GiftUIReferenceTextResources,GiftUIRenderCore,GiftUIRenderLowering,GiftUIRuntimeCore,GiftUIRuntimeDynamic,GiftUIRuntimeStatic,GiftUISemanticCore,GiftUISurfaceCore,GiftUITextResources,SignalAnalyzerData,SignalAnalyzerDomain,SignalAnalyzerHost,SignalAnalyzerPresentation,SignalAnalyzerPresetHarness,SignalAnalyzerTargetHost,Testing
GiftUIInteraction	regular	Sources/GiftUIInteraction	6	701	0	0	0	74	GiftUI,GiftUIExecution,GiftUILayout
GiftUIInteractionFailureAdapterFixture	regular	Sources/GiftUIInteractionFailureAdapterFixture	2	153	0	0	0	22	GiftUIFailureCore,GiftUIFailureExecution,GiftUIInteraction
GiftUIInteractionFailureAdapterTests	test	Tests/GiftUIInteractionFailureAdapterTests	3	384	0	0	0	0	GiftUIExecution,GiftUIFailureCore,GiftUIFailureDiagnostics,GiftUIInteraction,GiftUIInteractionFailureAdapterFixture,Testing
GiftUIInteractionTests	test	Tests/GiftUIInteractionTests	4	683	0	0	0	0	GiftUI,GiftUIExecution,GiftUIInteraction,Testing,XCTest
GiftUILayout	regular	Sources/GiftUILayout	11	3016	0	0	0	111	GiftUI,GiftUISemanticCore,GiftUITextResources
GiftUILayoutFailureAdapterFixture	regular	Sources/GiftUILayoutFailureAdapterFixture	1	51	0	0	0	3	GiftUIFailureCore,GiftUILayout
GiftUILayoutFailureAdapterTests	test	Tests/GiftUILayoutFailureAdapterTests	1	73	0	0	0	0	GiftUIFailureCore,GiftUILayout,GiftUILayoutFailureAdapterFixture,Testing
GiftUILayoutTests	test	Tests/GiftUILayoutTests	10	3805	0	0	0	0	GiftUI,GiftUILayout,GiftUIReferenceTextResources,GiftUISemanticCore,GiftUITextResources,Testing
GiftUIMacros	macro	Sources/GiftUIMacros	2	171	0	0	3	0	SwiftCompilerPlugin,SwiftDiagnostics,SwiftSyntax,SwiftSyntaxBuilder,SwiftSyntaxMacros
GiftUIMacrosTests	test	Tests/GiftUIMacrosTests	1	82	0	0	0	0	Foundation,GiftUIMacros,SwiftSyntaxMacroExpansion,SwiftSyntaxMacrosTestSupport,XCTest
GiftUIObservableState	regular	Sources/GiftUIObservableState	17	1686	0	0	0	50	GiftUI,GiftUIExecution,GiftUISemanticCore
GiftUIObservableStateFailureAdapterFixture	regular	Sources/GiftUIObservableStateFailureAdapterFixture	1	171	0	0	0	13	GiftUIFailureCore,GiftUIObservableState
GiftUIObservableStateFailureAdapterTests	test	Tests/GiftUIObservableStateFailureAdapterTests	3	485	0	0	0	0	GiftUIFailureCore,GiftUIFailureDiagnostics,GiftUIObservableState,GiftUIObservableStateFailureAdapterFixture,Testing
GiftUIObservableStateTests	test	Tests/GiftUIObservableStateTests	17	3079	0	0	0	0	GiftUI,GiftUIExecution,GiftUIObservableState,Testing
GiftUIPlatformRaspberryPi	regular	Sources/GiftUIPlatformRaspberryPi	7	1112	0	2	0	103	GiftUI,GiftUICapabilities,GiftUIDisplayCore,GiftUIFailureCore,GiftUISurfaceCore,Glibc
GiftUIPlatformRaspberryPiTests	test	Tests/GiftUIPlatformRaspberryPiTests	2	402	0	0	0	0	GiftUI,GiftUICapabilities,GiftUIDisplayCore,GiftUIPlatformRaspberryPi,GiftUISurfaceCore,Testing
GiftUIRasterCore	regular	Sources/GiftUIRasterCore	11	2106	0	5	0	121	GiftUI,GiftUICapabilities,GiftUIRenderCore,GiftUISurfaceCore,GiftUITextResources
GiftUIRasterCoreTests	test	Tests/GiftUIRasterCoreTests	12	2587	0	0	0	0	GiftUI,GiftUICapabilities,GiftUIRasterCore,GiftUIRenderCore,GiftUISurfaceCore,GiftUITextResources,Testing
GiftUIReferenceTextResources	regular	Sources/GiftUIReferenceTextResources	7	4951	5	6	0	32	GiftUI,GiftUITextResources
GiftUIReferenceTextResourcesTests	test	Tests/GiftUIReferenceTextResourcesTests	3	622	0	0	0	0	GiftUI,GiftUIReferenceTextResources,GiftUITextResources,Testing
GiftUIRenderCore	regular	Sources/GiftUIRenderCore	4	252	0	0	0	67	GiftUI,GiftUITextResources
GiftUIRenderCoreTests	test	Tests/GiftUIRenderCoreTests	5	1016	0	0	0	0	GiftUI,GiftUIRenderCore,GiftUITextResources,Testing
GiftUIRenderFailureAdapterFixture	regular	Sources/GiftUIRenderFailureAdapterFixture	1	60	0	0	0	2	GiftUIFailureCore,GiftUIRenderLowering
GiftUIRenderFailureAdapterTests	test	Tests/GiftUIRenderFailureAdapterTests	1	78	0	0	0	0	GiftUIFailureCore,GiftUIRenderFailureAdapterFixture,GiftUIRenderLowering,Testing
GiftUIRenderLowering	regular	Sources/GiftUIRenderLowering	5	1321	0	0	0	25	GiftUI,GiftUILayout,GiftUIRenderCore,GiftUISemanticCore,GiftUITextResources
GiftUIRenderLoweringTests	test	Tests/GiftUIRenderLoweringTests	6	4412	0	0	0	0	GiftUI,GiftUIFailureCore,GiftUILayout,GiftUIRenderCore,GiftUIRenderFailureAdapterFixture,GiftUIRenderLowering,GiftUISemanticCore,GiftUITextResources,Testing
GiftUIRuntimeConformanceTests	test	Tests/GiftUIRuntimeConformanceTests	9	2994	0	1	0	0	GiftUI,GiftUIDrawing,GiftUIExecution,GiftUIInteraction,GiftUILayout,GiftUIObservableState,GiftUIRenderCore,GiftUIRenderLowering,GiftUIRuntimeCore,GiftUIRuntimeDynamic,GiftUIRuntimeStatic,GiftUISemanticCore,Testing
GiftUIRuntimeCore	regular	Sources/GiftUIRuntimeCore	17	2603	0	0	0	302	GiftUI,GiftUIDrawing,GiftUIExecution,GiftUIInteraction,GiftUILayout,GiftUIObservableState,GiftUIRenderCore,GiftUIRenderLowering,GiftUISemanticCore,GiftUITextResources
GiftUIRuntimeCoreTests	test	Tests/GiftUIRuntimeCoreTests	15	3742	0	0	0	0	GiftUI,GiftUIDrawing,GiftUIExecution,GiftUIInteraction,GiftUILayout,GiftUIObservableState,GiftUIRenderCore,GiftUIRenderLowering,GiftUIRuntimeCore,GiftUISemanticCore,Testing
GiftUIRuntimeDynamic	regular	Sources/GiftUIRuntimeDynamic	17	3463	0	0	0	347	GiftUI,GiftUIDrawing,GiftUIExecution,GiftUIInteraction,GiftUILayout,GiftUIObservableState,GiftUIRenderCore,GiftUIRenderLowering,GiftUIRuntimeCore,GiftUISemanticCore,GiftUITextResources
GiftUIRuntimeDynamicTests	test	Tests/GiftUIRuntimeDynamicTests	11	1544	0	1	0	0	GiftUI,GiftUIDrawing,GiftUIDynamicConveniences,GiftUIExecution,GiftUIInteraction,GiftUILayout,GiftUIObservableState,GiftUIRenderCore,GiftUIRenderLowering,GiftUIRuntimeCore,GiftUIRuntimeDynamic,GiftUISemanticCore,Testing
GiftUIRuntimeFailureAdapterFixture	regular	Sources/GiftUIRuntimeFailureAdapterFixture	1	155	0	0	0	7	GiftUIFailureCore,GiftUIFailureExecution,GiftUIRuntimeCore
GiftUIRuntimeFailureAdapterTests	test	Tests/GiftUIRuntimeFailureAdapterTests	1	220	0	0	0	0	GiftUIExecution,GiftUIFailureCore,GiftUIFailureExecution,GiftUIRuntimeCore,GiftUIRuntimeFailureAdapterFixture,Testing
GiftUIRuntimeStatic	regular	Sources/GiftUIRuntimeStatic	13	2097	0	0	0	214	GiftUI,GiftUIDrawing,GiftUIExecution,GiftUIInteraction,GiftUILayout,GiftUIObservableState,GiftUIRenderCore,GiftUIRenderLowering,GiftUIRuntimeCore,GiftUISemanticCore
GiftUIRuntimeStaticTests	test	Tests/GiftUIRuntimeStaticTests	8	1795	1	0	0	0	GiftUI,GiftUIDrawing,GiftUIExecution,GiftUIInteraction,GiftUILayout,GiftUIObservableState,GiftUIRenderCore,GiftUIRenderLowering,GiftUIRuntimeCore,GiftUIRuntimeStatic,GiftUISemanticCore,Testing
GiftUISemanticCore	regular	Sources/GiftUISemanticCore	3	1808	0	0	0	86	GiftUI
GiftUISemanticCoreTests	test	Tests/GiftUISemanticCoreTests	12	6254	0	0	0	0	GiftUI,GiftUIObservableState,GiftUISemanticCore,Testing,XCTest
GiftUISemanticFailureAdapterFixture	regular	Sources/GiftUISemanticFailureAdapterFixture	1	38	0	0	0	3	GiftUIFailureCore,GiftUISemanticCore
GiftUISemanticFailureAdapterTests	test	Tests/GiftUISemanticFailureAdapterTests	2	135	0	0	0	0	GiftUIFailureCore,GiftUISemanticCore,GiftUISemanticFailureAdapterFixture,Testing,XCTest
GiftUISurfaceCore	regular	Sources/GiftUISurfaceCore	2	129	0	0	0	18	GiftUI,GiftUICapabilities,GiftUIRenderCore
GiftUISurfaceCoreTests	test	Tests/GiftUISurfaceCoreTests	3	395	0	0	0	0	GiftUI,GiftUICapabilities,GiftUIRenderCore,GiftUISurfaceCore,Testing
GiftUITests	test	Tests/GiftUITests	12	1861	0	0	0	0	GiftUI,Testing,XCTest
GiftUITextResourceFailureAdapterFixture	regular	Sources/GiftUITextResourceFailureAdapterFixture	1	58	0	0	0	6	GiftUIFailureCore,GiftUITextResources
GiftUITextResourceOwnerAdapterTests	test	Tests/GiftUITextResourceOwnerAdapterTests	1	128	0	0	0	0	GiftUIFailureCore,GiftUIFailureDiagnostics,GiftUITextResourceFailureAdapterFixture,GiftUITextResources,XCTest
GiftUITextResources	regular	Sources/GiftUITextResources	1	1478	0	0	0	84	GiftUI
GiftUITextResourcesTests	test	Tests/GiftUITextResourcesTests	10	4024	0	0	0	0	GiftUI,GiftUITextResources,XCTest
SignalAnalyzerData	regular	Sources/SignalAnalyzerData	5	541	0	0	0	57	SignalAnalyzerDomain
SignalAnalyzerDataTests	test	Tests/SignalAnalyzerDataTests	7	759	0	0	0	0	SignalAnalyzerData,SignalAnalyzerDomain,Testing
SignalAnalyzerDomain	regular	Sources/SignalAnalyzerDomain	8	708	0	0	0	104	-
SignalAnalyzerDomainTests	test	Tests/SignalAnalyzerDomainTests	5	664	0	0	0	0	SignalAnalyzerDomain,Testing
SignalAnalyzerHost	regular	Sources/SignalAnalyzerHost	1	186	0	0	0	20	GiftUIExecution,GiftUIHostConfiguration,SignalAnalyzerDomain,SignalAnalyzerPresentation
SignalAnalyzerMacOSDynamic	executable	Sources/SignalAnalyzerMacOSDynamic	1	15	0	0	0	0	GiftUIRuntimeDynamic,SignalAnalyzerPresetHarness
SignalAnalyzerMacOSStatic	executable	Sources/SignalAnalyzerMacOSStatic	1	15	0	0	0	0	GiftUIRuntimeStatic,SignalAnalyzerPresetHarness
SignalAnalyzerNRF52840HostOracle	executable	Sources/SignalAnalyzerNRF52840HostOracle	1	9	0	0	0	0	SignalAnalyzerPresetHarness
SignalAnalyzerPresentation	regular	Sources/SignalAnalyzerPresentation	14	1475	0	0	0	170	GiftUI,GiftUIFailureCore,SignalAnalyzerDomain
SignalAnalyzerPresentationTests	test	Tests/SignalAnalyzerPresentationTests	11	1522	0	0	0	0	GiftUI,GiftUIFailureCore,SignalAnalyzerDomain,SignalAnalyzerPresentation,Testing
SignalAnalyzerPresetHarness	regular	Sources/SignalAnalyzerPresetHarness	1	440	0	0	0	39	GiftUICapabilities,GiftUIHostConfiguration,GiftUIRuntimeCore,SignalAnalyzerDomain,SignalAnalyzerHost,SignalAnalyzerPresentation
SignalAnalyzerRaspberryPiARMv6	executable	Sources/SignalAnalyzerRaspberryPiARMv6	4	976	0	11	0	0	Darwin,Foundation,GiftUI,GiftUIDisplayCore,GiftUIHostConfiguration,GiftUIPlatformRaspberryPi,Glibc,SignalAnalyzerData,SignalAnalyzerDomain,SignalAnalyzerPresentation,SignalAnalyzerPresetHarness,SignalAnalyzerTargetHost
SignalAnalyzerTargetHost	regular	Sources/SignalAnalyzerTargetHost	117	18751	14	25	0	1412	GiftUI,GiftUIBackendIntegration,GiftUICapabilities,GiftUIDisplayCore,GiftUIDrawing,GiftUIExecution,GiftUIFailureCore,GiftUIHostConfiguration,GiftUIInteraction,GiftUILayout,GiftUIObservableState,GiftUIRasterCore,GiftUIReferenceTextResources,GiftUIRenderCore,GiftUIRenderLowering,GiftUIRuntimeCore,GiftUIRuntimeDynamic,GiftUIRuntimeStatic,GiftUISemanticCore,GiftUISurfaceCore,GiftUITextResources,Glibc,SignalAnalyzerData,SignalAnalyzerDomain,SignalAnalyzerHost,SignalAnalyzerPresentation
