owner	source	exists	imports
GiftUI	Sources/GiftUI/ActionHandler.swift	1	-
GiftUI	Sources/GiftUI/BoundedText.swift	1	-
GiftUI	Sources/GiftUI/Button.swift	1	-
GiftUI	Sources/GiftUI/Canvas.swift	1	-
GiftUI	Sources/GiftUI/Color.swift	1	-
GiftUI	Sources/GiftUI/DeclarativeView.swift	1	-
GiftUI	Sources/GiftUI/Disabled.swift	1	-
GiftUI	Sources/GiftUI/DrawingStyles.swift	1	-
GiftUI	Sources/GiftUI/DrawingSurface.swift	1	-
GiftUI	Sources/GiftUI/GiftUI.swift	1	-
GiftUI	Sources/GiftUI/LayoutContainers.swift	1	-
GiftUI	Sources/GiftUI/LayoutModifiers.swift	1	-
GiftUI	Sources/GiftUI/LayoutValues.swift	1	-
GiftUI	Sources/GiftUI/ObservableState.swift	1	-
GiftUI	Sources/GiftUI/StyleModifiers.swift	1	-
GiftUI	Sources/GiftUI/Text.swift	1	-
GiftUIBackendIntegration	Sources/GiftUIBackendIntegration/OneShotRasterBackendEndpoint.swift	1	GiftUICapabilities,GiftUIDisplayCore,GiftUIExecution,GiftUIFailureCore,GiftUIRasterCore,GiftUIRenderCore,GiftUISurfaceCore,GiftUITextResources
GiftUIBackendIntegration	Sources/GiftUIBackendIntegration/OperationMajorRGB565RasterSession.swift	1	GiftUI,GiftUICapabilities,GiftUIDisplayCore,GiftUIExecution,GiftUIFailureCore,GiftUIRasterCore,GiftUIRenderCore,GiftUISurfaceCore,GiftUITextResources
GiftUIBackendIntegration	Sources/GiftUIBackendIntegration/OperationMajorTileTraversal.swift	1	GiftUI,GiftUIRasterCore,GiftUISurfaceCore
GiftUIBackendIntegration	Sources/GiftUIBackendIntegration/RGB565TilePayloadEmitter.swift	1	GiftUI,GiftUICapabilities,GiftUIDisplayCore,GiftUIRasterCore,GiftUISurfaceCore
GiftUIBackendIntegration	Sources/GiftUIBackendIntegration/RasterBackendEndpoint.swift	1	GiftUICapabilities,GiftUIDisplayCore,GiftUIExecution,GiftUIFailureCore,GiftUIRasterCore,GiftUIRenderCore,GiftUISurfaceCore,GiftUITextResources
GiftUIBackendIntegration	Sources/GiftUIBackendIntegration/RasterFrameWorkAdmission.swift	1	GiftUIExecution,GiftUIRasterCore,GiftUIRenderCore,GiftUISurfaceCore
GiftUICapabilities	Sources/GiftUICapabilities/GiftUICapabilities.swift	1	-
GiftUIDisplayCore	Sources/GiftUIDisplayCore/DisplayContracts.swift	1	GiftUI,GiftUICapabilities,GiftUIFailureCore,GiftUISurfaceCore
GiftUIDrawing	Sources/GiftUIDrawing/CanvasInvocationSource.swift	1	GiftUI
GiftUIDrawing	Sources/GiftUIDrawing/CanvasPlanProducer.swift	1	GiftUI,GiftUIExecution,GiftUILayout
GiftUIDrawing	Sources/GiftUIDrawing/CanvasRenderProducer.swift	1	GiftUI,GiftUILayout,GiftUIRenderCore,GiftUIRenderLowering,GiftUISemanticCore,GiftUITextResources
GiftUIDrawing	Sources/GiftUIDrawing/DrawingLimits.swift	1	GiftUI
GiftUIDrawing	Sources/GiftUIDrawing/DrawingPlan.swift	1	GiftUI,GiftUIRenderCore
GiftUIDrawing	Sources/GiftUIDrawing/DrawingValues.swift	1	-
GiftUIDrawing	Sources/GiftUIDrawing/PathConstruction.swift	1	GiftUI,GiftUIRenderCore
GiftUIDrawing	Sources/GiftUIDrawing/StrokeSnapshot.swift	1	GiftUI,GiftUIRenderCore
GiftUIExecution	Sources/GiftUIExecution/AdmissionValues.swift	1	GiftUI
GiftUIExecution	Sources/GiftUIExecution/ExecutionValues.swift	1	GiftUI,GiftUIRenderCore
GiftUIExecution	Sources/GiftUIExecution/FrameHandoffValues.swift	1	GiftUIRenderCore
GiftUIExecution	Sources/GiftUIExecution/IdentityAllocators.swift	1	GiftUI
GiftUIExecution	Sources/GiftUIExecution/InputSourceSequenceState.swift	1	GiftUI
GiftUIExecution	Sources/GiftUIExecution/PointerActionCapture.swift	1	GiftUI
GiftUIExecution	Sources/GiftUIExecution/RunCycleValues.swift	1	GiftUI,GiftUIRenderCore
GiftUIExecution	Sources/GiftUIExecution/WakeValues.swift	1	-
GiftUIFailureCore	Sources/GiftUIFailureCore/GiftUIFailureCore.swift	1	-
GiftUIHostConfiguration	Sources/GiftUIHostConfiguration/HostApplicationOpportunityGate.swift	1	-
GiftUIHostConfiguration	Sources/GiftUIHostConfiguration/HostEndpointHealthController.swift	1	GiftUIBackendIntegration,GiftUIFailureCore
GiftUIHostConfiguration	Sources/GiftUIHostConfiguration/HostNormalizedInputGate.swift	1	GiftUI,GiftUIExecution
GiftUIHostConfiguration	Sources/GiftUIHostConfiguration/HostPresentationRecovery.swift	1	GiftUIExecution
GiftUIHostConfiguration	Sources/GiftUIHostConfiguration/HostResidualFailureRouting.swift	1	GiftUIFailureCore
GiftUIHostConfiguration	Sources/GiftUIHostConfiguration/HostResidualPolicyContracts.swift	1	GiftUIFailureCore
GiftUIHostConfiguration	Sources/GiftUIHostConfiguration/HostResidualPolicyTableValidation.swift	1	GiftUIFailureCore
GiftUIInteraction	Sources/GiftUIInteraction/ExecutionGestureAdapter.swift	1	GiftUI,GiftUIExecution
GiftUIInteraction	Sources/GiftUIInteraction/InteractionState.swift	1	GiftUI,GiftUIExecution,GiftUILayout
GiftUIInteraction	Sources/GiftUIInteraction/InteractionStorage.swift	1	GiftUI,GiftUIExecution
GiftUIInteraction	Sources/GiftUIInteraction/InteractionValues.swift	1	GiftUI,GiftUIExecution
GiftUILayout	Sources/GiftUILayout/Layout.swift	1	GiftUI,GiftUISemanticCore,GiftUITextResources
GiftUILayout	Sources/GiftUILayout/LayoutCounters.swift	1	-
GiftUILayout	Sources/GiftUILayout/LayoutEngine.swift	1	GiftUI,GiftUISemanticCore,GiftUITextResources
GiftUILayout	Sources/GiftUILayout/LayoutError.swift	1	GiftUI,GiftUISemanticCore,GiftUITextResources
GiftUILayout	Sources/GiftUILayout/LayoutGeometry.swift	1	GiftUI
GiftUILayout	Sources/GiftUILayout/LayoutPublication.swift	1	GiftUI,GiftUISemanticCore,GiftUITextResources
GiftUILayout	Sources/GiftUILayout/LayoutResultSink.swift	1	GiftUI,GiftUISemanticCore,GiftUITextResources
GiftUILayout	Sources/GiftUILayout/LayoutSemanticValidation.swift	1	GiftUI,GiftUISemanticCore,GiftUITextResources
GiftUILayout	Sources/GiftUILayout/LayoutValues.swift	1	GiftUI,GiftUISemanticCore,GiftUITextResources
GiftUILayout	Sources/GiftUILayout/LayoutWorkspace.swift	1	GiftUI,GiftUISemanticCore,GiftUITextResources
GiftUILayout	Sources/GiftUILayout/ResolvedRenderLayoutView.swift	1	GiftUI,GiftUITextResources
GiftUIObservableState	Sources/GiftUIObservableState/ObservableStateProtocols.swift	1	GiftUI,GiftUIExecution
GiftUIObservableState	Sources/GiftUIObservableState/ObservableStateValues.swift	1	GiftUIExecution
GiftUIRasterCore	Sources/GiftUIRasterCore/RGB565TileWorkspace.swift	1	GiftUI,GiftUICapabilities,GiftUISurfaceCore
GiftUIRasterCore	Sources/GiftUIRasterCore/RasterFillCoverage.swift	1	GiftUI,GiftUIRenderCore,GiftUISurfaceCore
GiftUIRasterCore	Sources/GiftUIRasterCore/RasterFrameSink.swift	1	GiftUIRenderCore,GiftUISurfaceCore
GiftUIRasterCore	Sources/GiftUIRasterCore/RasterFrameWork.swift	1	GiftUI,GiftUICapabilities,GiftUIRenderCore,GiftUISurfaceCore
GiftUIRasterCore	Sources/GiftUIRasterCore/RasterGlyphCoverage.swift	1	GiftUI,GiftUICapabilities,GiftUIRenderCore,GiftUISurfaceCore,GiftUITextResources
GiftUIRasterCore	Sources/GiftUIRasterCore/RasterPayloadLimits.swift	1	-
GiftUIRasterCore	Sources/GiftUIRasterCore/RasterStrokeCoverage.swift	1	GiftUI,GiftUIRenderCore,GiftUISurfaceCore
GiftUIRasterCore	Sources/GiftUIRasterCore/RasterWorkTracker.swift	1	-
GiftUIReferenceTextResources	Sources/GiftUIReferenceTextResources/Generated/ReferenceBitmapPayload.generated.swift	1	GiftUITextResources
GiftUIReferenceTextResources	Sources/GiftUIReferenceTextResources/Generated/ReferenceCatalogue.generated.swift	1	GiftUI,GiftUITextResources
GiftUIReferenceTextResources	Sources/GiftUIReferenceTextResources/GiftUIReferenceTextResources.swift	1	GiftUITextResources
GiftUIRenderCore	Sources/GiftUIRenderCore/DrawingOperationSink.swift	1	GiftUI
GiftUIRenderCore	Sources/GiftUIRenderCore/RenderOperationSink.swift	1	-
GiftUIRenderCore	Sources/GiftUIRenderCore/RenderValues.swift	1	GiftUI,GiftUITextResources
GiftUIRenderLowering	Sources/GiftUIRenderLowering/RenderExtensions.swift	1	GiftUI,GiftUILayout,GiftUIRenderCore,GiftUISemanticCore
GiftUIRenderLowering	Sources/GiftUIRenderLowering/RenderPreflight.swift	1	GiftUI,GiftUILayout,GiftUIRenderCore,GiftUISemanticCore,GiftUITextResources
GiftUIRenderLowering	Sources/GiftUIRenderLowering/RenderProducer.swift	1	GiftUI,GiftUILayout,GiftUIRenderCore,GiftUISemanticCore,GiftUITextResources
GiftUIRenderLowering	Sources/GiftUIRenderLowering/RenderProductionValues.swift	1	GiftUI,GiftUIRenderCore
GiftUIRenderLowering	Sources/GiftUIRenderLowering/RenderStreaming.swift	1	GiftUI,GiftUILayout,GiftUIRenderCore,GiftUISemanticCore,GiftUITextResources
GiftUIRuntimeCore	Sources/GiftUIRuntimeCore/RuntimeCompletePipeline.swift	1	GiftUI,GiftUIExecution
GiftUIRuntimeCore	Sources/GiftUIRuntimeCore/RuntimeCoordinatorCleanup.swift	1	-
GiftUIRuntimeCore	Sources/GiftUIRuntimeCore/RuntimeFocusedFailureState.swift	1	GiftUIExecution
GiftUIRuntimeCore	Sources/GiftUIRuntimeCore/RuntimeInteractionCandidateCoordinator.swift	1	GiftUI,GiftUIExecution,GiftUIInteraction,GiftUIObservableState
GiftUIRuntimeCore	Sources/GiftUIRuntimeCore/RuntimeInteractionCandidateTransaction.swift	1	GiftUI,GiftUIExecution,GiftUIInteraction,GiftUIObservableState
GiftUIRuntimeCore	Sources/GiftUIRuntimeCore/RuntimeOwnerFailure.swift	1	GiftUIDrawing,GiftUIInteraction,GiftUILayout,GiftUIObservableState,GiftUISemanticCore
GiftUIRuntimeStatic	Sources/GiftUIRuntimeStatic/StaticInteractionStorage.swift	1	GiftUIExecution,GiftUIInteraction
GiftUISemanticCore	Sources/GiftUISemanticCore/GiftUISemanticCore.swift	1	GiftUI
GiftUISemanticCore	Sources/GiftUISemanticCore/SemanticLayoutView.swift	1	GiftUI
GiftUISemanticCore	Sources/GiftUISemanticCore/SemanticRenderView.swift	1	GiftUI
GiftUISurfaceCore	Sources/GiftUISurfaceCore/SurfaceValues.swift	1	GiftUI,GiftUICapabilities
GiftUITextResources	Sources/GiftUITextResources/GiftUITextResources.swift	1	GiftUI
SignalAnalyzerData	Sources/SignalAnalyzerData/DeterministicSignalGenerator.swift	1	SignalAnalyzerDomain
SignalAnalyzerDomain	Sources/SignalAnalyzerDomain/AcquisitionState.swift	1	-
SignalAnalyzerDomain	Sources/SignalAnalyzerDomain/SignalAnalyzerDiagnostic.swift	1	-
SignalAnalyzerDomain	Sources/SignalAnalyzerDomain/SignalCaptureChange.swift	1	-
SignalAnalyzerDomain	Sources/SignalAnalyzerDomain/SignalPrimitiveValues.swift	1	-
SignalAnalyzerPresentation	Sources/SignalAnalyzerPresentation/SignalAnalyzerFailurePolicyValues.swift	1	GiftUIFailureCore
SignalAnalyzerPresentation	Sources/SignalAnalyzerPresentation/SignalAnalyzerLayoutConstraints.swift	1	GiftUI
SignalAnalyzerPresentation	Sources/SignalAnalyzerPresentation/SignalAnalyzerRuntimeCondition.swift	1	-
SignalAnalyzerPresentation	Sources/SignalAnalyzerPresentation/SignalAnalyzerRuntimeFailureNormalizer.swift	1	GiftUIFailureCore
SignalAnalyzerPresentation	Sources/SignalAnalyzerPresentation/SignalAnalyzerRuntimeFailureRule.swift	1	GiftUIFailureCore
SignalAnalyzerPresentation	Sources/SignalAnalyzerPresentation/SignalAnalyzerTimelineFormatting.swift	1	SignalAnalyzerDomain
SignalAnalyzerTargetHost	Sources/SignalAnalyzerTargetHost/Generated/StaticSignalAnalyzerNRFEmbeddedCanvasTable.generated.swift	1	-
SignalAnalyzerTargetHost	Sources/SignalAnalyzerTargetHost/Generated/StaticSignalAnalyzerNRFModelDescriptor.generated.swift	1	-
SignalAnalyzerTargetHost	Sources/SignalAnalyzerTargetHost/Generated/StaticSignalAnalyzerNRFPackedSemanticRecords.generated.swift	1	-
SignalAnalyzerTargetHost	Sources/SignalAnalyzerTargetHost/Generated/StaticSignalAnalyzerNRFReferenceMetrics.generated.swift	1	GiftUITextResources
SignalAnalyzerTargetHost	Sources/SignalAnalyzerTargetHost/Generated/StaticSignalAnalyzerNRFTopologyWriter.generated.swift	1	SignalAnalyzerPresentation
SignalAnalyzerTargetHost	Sources/SignalAnalyzerTargetHost/Generated/StaticSignalAnalyzerNRFUTF8TextPool.generated.swift	1	GiftUI
SignalAnalyzerTargetHost	Sources/SignalAnalyzerTargetHost/SignalAnalyzerCycleFailureNormalizer.swift	1	GiftUIExecution,GiftUIFailureCore,GiftUIRuntimeCore,SignalAnalyzerPresentation
SignalAnalyzerTargetHost	Sources/SignalAnalyzerTargetHost/SignalAnalyzerCycleOwnerFailure.swift	1	GiftUIRuntimeCore,SignalAnalyzerPresentation
SignalAnalyzerTargetHost	Sources/SignalAnalyzerTargetHost/SignalAnalyzerCycleResidualPolicyOwner.swift	1	GiftUIFailureCore,GiftUIHostConfiguration
SignalAnalyzerTargetHost	Sources/SignalAnalyzerTargetHost/StaticSignalAnalyzerNRFCaptureFactAdmission.swift	1	SignalAnalyzerDomain
SignalAnalyzerTargetHost	Sources/SignalAnalyzerTargetHost/StaticSignalAnalyzerNRFCaptureHistory.swift	1	SignalAnalyzerDomain
SignalAnalyzerTargetHost	Sources/SignalAnalyzerTargetHost/StaticSignalAnalyzerNRFCaptureRecord.swift	1	SignalAnalyzerDomain
SignalAnalyzerTargetHost	Sources/SignalAnalyzerTargetHost/StaticSignalAnalyzerNRFCaptureSnapshotView.swift	1	SignalAnalyzerDomain
SignalAnalyzerTargetHost	Sources/SignalAnalyzerTargetHost/StaticSignalAnalyzerNRFCaptureStorage.swift	1	-
SignalAnalyzerTargetHost	Sources/SignalAnalyzerTargetHost/StaticSignalAnalyzerNRFCommonLayoutPass.swift	1	-
SignalAnalyzerTargetHost	Sources/SignalAnalyzerTargetHost/StaticSignalAnalyzerNRFCommonLayoutWorkspace.swift	1	-
SignalAnalyzerTargetHost	Sources/SignalAnalyzerTargetHost/StaticSignalAnalyzerNRFCompactCaptureFact.swift	1	SignalAnalyzerDomain
SignalAnalyzerTargetHost	Sources/SignalAnalyzerTargetHost/StaticSignalAnalyzerNRFCompactFactRing.swift	1	-
SignalAnalyzerTargetHost	Sources/SignalAnalyzerTargetHost/StaticSignalAnalyzerNRFCompactPresentationFact.swift	1	SignalAnalyzerDomain
SignalAnalyzerTargetHost	Sources/SignalAnalyzerTargetHost/StaticSignalAnalyzerNRFDeterministicSource.swift	1	SignalAnalyzerData,SignalAnalyzerDomain
SignalAnalyzerTargetHost	Sources/SignalAnalyzerTargetHost/StaticSignalAnalyzerNRFDisplayTarget.swift	1	GiftUI,GiftUICapabilities,GiftUIDisplayCore,GiftUIFailureCore,GiftUISurfaceCore
SignalAnalyzerTargetHost	Sources/SignalAnalyzerTargetHost/StaticSignalAnalyzerNRFDrawingPlanRecords.swift	1	GiftUI,GiftUIRenderCore
SignalAnalyzerTargetHost	Sources/SignalAnalyzerTargetHost/StaticSignalAnalyzerNRFDrawingPlanStorage.swift	1	GiftUI,GiftUIDrawing,GiftUIRenderCore
SignalAnalyzerTargetHost	Sources/SignalAnalyzerTargetHost/StaticSignalAnalyzerNRFDrawingWorkspace.swift	1	GiftUI,GiftUIDrawing,GiftUIRenderCore
SignalAnalyzerTargetHost	Sources/SignalAnalyzerTargetHost/StaticSignalAnalyzerNRFEmbeddedActionDispatcher.swift	1	-
SignalAnalyzerTargetHost	Sources/SignalAnalyzerTargetHost/StaticSignalAnalyzerNRFEmbeddedCanvasPayload.swift	1	-
SignalAnalyzerTargetHost	Sources/SignalAnalyzerTargetHost/StaticSignalAnalyzerNRFEmbeddedCanvasSource.swift	1	-
SignalAnalyzerTargetHost	Sources/SignalAnalyzerTargetHost/StaticSignalAnalyzerNRFEmbeddedCountingSink.swift	1	-
SignalAnalyzerTargetHost	Sources/SignalAnalyzerTargetHost/StaticSignalAnalyzerNRFEmbeddedFontRaster.swift	1	-
SignalAnalyzerTargetHost	Sources/SignalAnalyzerTargetHost/StaticSignalAnalyzerNRFEmbeddedGestureSession.swift	1	-
SignalAnalyzerTargetHost	Sources/SignalAnalyzerTargetHost/StaticSignalAnalyzerNRFEmbeddedInputHandler.swift	1	-
SignalAnalyzerTargetHost	Sources/SignalAnalyzerTargetHost/StaticSignalAnalyzerNRFEmbeddedInteractionOccurrences.swift	1	-
SignalAnalyzerTargetHost	Sources/SignalAnalyzerTargetHost/StaticSignalAnalyzerNRFEmbeddedInteractionOwner.swift	1	-
SignalAnalyzerTargetHost	Sources/SignalAnalyzerTargetHost/StaticSignalAnalyzerNRFEmbeddedLayoutAdapters.swift	1	-
SignalAnalyzerTargetHost	Sources/SignalAnalyzerTargetHost/StaticSignalAnalyzerNRFEmbeddedLayoutModifier.swift	1	-
SignalAnalyzerTargetHost	Sources/SignalAnalyzerTargetHost/StaticSignalAnalyzerNRFEmbeddedLayoutPrimitive.swift	1	-
SignalAnalyzerTargetHost	Sources/SignalAnalyzerTargetHost/StaticSignalAnalyzerNRFEmbeddedLayoutScopeCodec.swift	1	-
SignalAnalyzerTargetHost	Sources/SignalAnalyzerTargetHost/StaticSignalAnalyzerNRFEmbeddedLayoutTextCodec.swift	1	-
SignalAnalyzerTargetHost	Sources/SignalAnalyzerTargetHost/StaticSignalAnalyzerNRFEmbeddedLayoutWorkspace.swift	1	-
SignalAnalyzerTargetHost	Sources/SignalAnalyzerTargetHost/StaticSignalAnalyzerNRFEmbeddedRasterSink.swift	1	-
SignalAnalyzerTargetHost	Sources/SignalAnalyzerTargetHost/StaticSignalAnalyzerNRFEmbeddedRenderPreflight.swift	1	-
SignalAnalyzerTargetHost	Sources/SignalAnalyzerTargetHost/StaticSignalAnalyzerNRFEmbeddedRenderSemanticAdapter.swift	1	-
SignalAnalyzerTargetHost	Sources/SignalAnalyzerTargetHost/StaticSignalAnalyzerNRFEmbeddedResolvedLayoutView.swift	1	-
SignalAnalyzerTargetHost	Sources/SignalAnalyzerTargetHost/StaticSignalAnalyzerNRFEmbeddedSemanticRegion.swift	1	-
SignalAnalyzerTargetHost	Sources/SignalAnalyzerTargetHost/StaticSignalAnalyzerNRFEmbeddedSemanticValidator.swift	1	-
SignalAnalyzerTargetHost	Sources/SignalAnalyzerTargetHost/StaticSignalAnalyzerNRFEmbeddedSemanticView.swift	1	-
SignalAnalyzerTargetHost	Sources/SignalAnalyzerTargetHost/StaticSignalAnalyzerNRFEmbeddedTextMeasure.swift	1	-
SignalAnalyzerTargetHost	Sources/SignalAnalyzerTargetHost/StaticSignalAnalyzerNRFEmbeddedTextPlace.swift	1	-
SignalAnalyzerTargetHost	Sources/SignalAnalyzerTargetHost/StaticSignalAnalyzerNRFEmbeddedTileRuns.swift	1	-
SignalAnalyzerTargetHost	Sources/SignalAnalyzerTargetHost/StaticSignalAnalyzerNRFInputABI.swift	1	GiftUI,GiftUIExecution,GiftUIHostConfiguration
SignalAnalyzerTargetHost	Sources/SignalAnalyzerTargetHost/StaticSignalAnalyzerNRFInputCoordinator.swift	1	GiftUI,GiftUIExecution,GiftUIHostConfiguration
SignalAnalyzerTargetHost	Sources/SignalAnalyzerTargetHost/StaticSignalAnalyzerNRFInteractionTargetProjection.swift	1	GiftUI,GiftUIExecution,GiftUIObservableState
SignalAnalyzerTargetHost	Sources/SignalAnalyzerTargetHost/StaticSignalAnalyzerNRFLivePathStorage.swift	1	GiftUI,GiftUIDrawing,GiftUIRenderCore
SignalAnalyzerTargetHost	Sources/SignalAnalyzerTargetHost/StaticSignalAnalyzerNRFModelCaptureState.swift	1	SignalAnalyzerDomain
SignalAnalyzerTargetHost	Sources/SignalAnalyzerTargetHost/StaticSignalAnalyzerNRFModelLocation.swift	1	SignalAnalyzerDomain
SignalAnalyzerTargetHost	Sources/SignalAnalyzerTargetHost/StaticSignalAnalyzerNRFModelModifierWriter.swift	1	SignalAnalyzerDomain
SignalAnalyzerTargetHost	Sources/SignalAnalyzerTargetHost/StaticSignalAnalyzerNRFModelTextWriter.swift	1	SignalAnalyzerDomain,SignalAnalyzerPresentation
SignalAnalyzerTargetHost	Sources/SignalAnalyzerTargetHost/StaticSignalAnalyzerNRFOperationalFailureFact.swift	1	SignalAnalyzerDomain
SignalAnalyzerTargetHost	Sources/SignalAnalyzerTargetHost/StaticSignalAnalyzerNRFRegionMap.swift	1	-
SignalAnalyzerTargetHost	Sources/SignalAnalyzerTargetHost/StaticSignalAnalyzerNRFRenderWorkspace.swift	1	GiftUI,GiftUIRenderLowering
SignalAnalyzerTargetHost	Sources/SignalAnalyzerTargetHost/StaticSignalAnalyzerNRFRepositoryProducer.swift	1	SignalAnalyzerDomain
SignalAnalyzerTargetHost	Sources/SignalAnalyzerTargetHost/StaticSignalAnalyzerNRFSPITFTTransport.swift	1	GiftUI
SignalAnalyzerTargetHost	Sources/SignalAnalyzerTargetHost/StaticSignalAnalyzerNRFSealedFactApplication.swift	1	SignalAnalyzerDomain,SignalAnalyzerPresentation
SignalAnalyzerTargetHost	Sources/SignalAnalyzerTargetHost/StaticSignalAnalyzerNRFSnapshotFact.swift	1	SignalAnalyzerDomain
SignalAnalyzerTargetHost	Sources/SignalAnalyzerTargetHost/StaticSignalAnalyzerNRFTileStorage.swift	1	GiftUIRasterCore
