id	status	path	unique_criterion_ids	sha256
SPEC-001	implemented	docs/specs/spec-001-signal-analyzer-reference-application.md	56	9b2d5b53904376adc4f22188d483ae921181d793e8c2b6fee5609738dc4912eb
SPEC-002	implemented	docs/specs/spec-002-portable-foundation.md	16	255efffe964670ec7c8c420594cb7b3dd2113cb2cb7c11e27d91b308c0456470
SPEC-003	implemented	docs/specs/spec-003-failure-outcomes-and-containment.md	3	26c57695c7edf5456e1c56eca35cdaee0ba076c96db025ec0dd411684b1a5e94
SPEC-004	implemented	docs/specs/spec-004-capability-contribution-and-resolution.md	26	f129f4dc5cd4eeb669240dc3bf3cb42a2f479219b030a378d5d27c5e2a6ab928
SPEC-005	implemented	docs/specs/spec-005-text-resources.md	19	accebda365769271b76976bf8b624f6552123139edce1ecb19a68a13aef522c8
SPEC-006	implemented	docs/specs/spec-006-declarative-view-semantics.md	21	50b456f491ba355c45e005a3ef8e1fbe0a288b91acb84319c147c5ce53bd2496
SPEC-007	implemented	docs/specs/spec-007-layout.md	11	0c0229e489d74c700f8a0985a14e6c6c6e7b992e1af24a1b31026d1cd67c2a9f
SPEC-008	implemented	docs/specs/spec-008-rendering.md	14	252a1982215348357dd3723efff975da3751519aa1bddb09005226ab0726c1bb
SPEC-009	implemented	docs/specs/spec-009-execution-cycle-and-frame-handoff.md	16	8d53d94bdaccce954ee93d92a8d53b3d293230600c0bc5d49fce2f0a99fae29a
SPEC-010	implemented	docs/specs/spec-010-observable-reference-state.md	12	f3e7694808190a1e380ab856dd1cfbdba24acc59eeea4fac75c342df495e08cc
SPEC-011	implemented	docs/specs/spec-011-interaction.md	15	40e27968ae675109f3b483f2a3bb5e0679afa40ebb58980cb0483a123a5b3a5b
SPEC-012	implemented	docs/specs/spec-012-canvas-path-stroke-drawing.md	15	88c0af9215f7ebc259c0ac85aabc433e005cea60ded3596b7d335f753aec9306
SPEC-013	implemented	docs/specs/spec-013-runtime-profiles.md	17	8b741e91a271372ecf65bd279123975d058879d213ffaa24a8cd235f3647d0e5
SPEC-014	implemented	docs/specs/spec-014-backend-integration.md	19	60848c50dd2e3ce9c2aa52129bb050f95c5993849f823362a9b556d489031ce7
SPEC-015	implemented	docs/specs/spec-015-host-configuration.md	23	d61ae38251d6fca0cb459717f72e94456bf32d442267775ae1e9b0169c0238ac
