consumer	dependency	kind
GiftUI	GiftUIMacros	internal
GiftUIBackendIntegration	GiftUI	internal
GiftUIBackendIntegration	GiftUICapabilities	internal
GiftUIBackendIntegration	GiftUIDisplayCore	internal
GiftUIBackendIntegration	GiftUIExecution	internal
GiftUIBackendIntegration	GiftUIFailureCore	internal
GiftUIBackendIntegration	GiftUIRasterCore	internal
GiftUIBackendIntegration	GiftUIRenderCore	internal
GiftUIBackendIntegration	GiftUISurfaceCore	internal
GiftUIBackendIntegration	GiftUITextResources	internal
GiftUIBackendIntegrationTests	GiftUI	internal
GiftUIBackendIntegrationTests	GiftUIBackendIntegration	internal
GiftUIBackendIntegrationTests	GiftUICapabilities	internal
GiftUIBackendIntegrationTests	GiftUIDisplayCore	internal
GiftUIBackendIntegrationTests	GiftUIExecution	internal
GiftUIBackendIntegrationTests	GiftUIFailureCore	internal
GiftUIBackendIntegrationTests	GiftUIRasterCore	internal
GiftUIBackendIntegrationTests	GiftUIRenderCore	internal
GiftUIBackendIntegrationTests	GiftUISurfaceCore	internal
GiftUIBackendIntegrationTests	GiftUITextResources	internal
GiftUICapabilitiesTests	GiftUICapabilities	internal
GiftUICapabilityAdapterTests	GiftUI	internal
GiftUICapabilityAdapterTests	GiftUICapabilities	internal
GiftUICapabilityFailureAdapterFixture	GiftUICapabilities	internal
GiftUICapabilityFailureAdapterFixture	GiftUIFailureCore	internal
GiftUICapabilityFailureAdapterTests	GiftUICapabilities	internal
GiftUICapabilityFailureAdapterTests	GiftUICapabilityFailureAdapterFixture	internal
GiftUICapabilityFailureAdapterTests	GiftUIFailureCore	internal
GiftUIDisplayCore	GiftUI	internal
GiftUIDisplayCore	GiftUICapabilities	internal
GiftUIDisplayCore	GiftUIFailureCore	internal
GiftUIDisplayCore	GiftUISurfaceCore	internal
GiftUIDisplayCoreTests	GiftUI	internal
GiftUIDisplayCoreTests	GiftUICapabilities	internal
GiftUIDisplayCoreTests	GiftUIDisplayCore	internal
GiftUIDisplayCoreTests	GiftUIFailureCore	internal
GiftUIDisplayCoreTests	GiftUISurfaceCore	internal
GiftUIDrawing	GiftUI	internal
GiftUIDrawing	GiftUIExecution	internal
GiftUIDrawing	GiftUILayout	internal
GiftUIDrawing	GiftUIRenderCore	internal
GiftUIDrawing	GiftUIRenderLowering	internal
GiftUIDrawing	GiftUISemanticCore	internal
GiftUIDrawing	GiftUITextResources	internal
GiftUIDrawingFailureAdapterFixture	GiftUIDrawing	internal
GiftUIDrawingFailureAdapterFixture	GiftUIFailureCore	internal
GiftUIDrawingTests	GiftUI	internal
GiftUIDrawingTests	GiftUIDrawing	internal
GiftUIDrawingTests	GiftUIDrawingFailureAdapterFixture	internal
GiftUIDrawingTests	GiftUIExecution	internal
GiftUIDrawingTests	GiftUIFailureCore	internal
GiftUIDrawingTests	GiftUILayout	internal
GiftUIDrawingTests	GiftUIRenderCore	internal
GiftUIDrawingTests	GiftUIRenderLowering	internal
GiftUIDrawingTests	GiftUISemanticCore	internal
GiftUIDrawingTests	GiftUITextResources	internal
GiftUIDynamicConveniences	GiftUI	internal
GiftUIExecution	GiftUI	internal
GiftUIExecution	GiftUIRenderCore	internal
GiftUIExecutionTests	GiftUI	internal
GiftUIExecutionTests	GiftUIExecution	internal
GiftUIExecutionTests	GiftUIRenderCore	internal
GiftUIFailureCoreTests	GiftUIFailureCore	internal
GiftUIFailureDiagnostics	GiftUIFailureCore	internal
GiftUIFailureDiagnosticsTests	GiftUIFailureCore	internal
GiftUIFailureDiagnosticsTests	GiftUIFailureDiagnostics	internal
GiftUIFailureExecution	GiftUIExecution	internal
GiftUIFailureExecution	GiftUIFailureCore	internal
GiftUIFailureExecutionTests	GiftUIExecution	internal
GiftUIFailureExecutionTests	GiftUIFailureCore	internal
GiftUIFailureExecutionTests	GiftUIFailureDiagnostics	internal
GiftUIFailureExecutionTests	GiftUIFailureExecution	internal
GiftUIFailureExecutionTests	GiftUIRenderCore	internal
GiftUIFoundationFailureAdapterTests	GiftUI	internal
GiftUIFoundationFailureAdapterTests	GiftUIFailureCore	internal
GiftUIHostConfiguration	GiftUI	internal
GiftUIHostConfiguration	GiftUIBackendIntegration	internal
GiftUIHostConfiguration	GiftUICapabilities	internal
GiftUIHostConfiguration	GiftUIDisplayCore	internal
GiftUIHostConfiguration	GiftUIExecution	internal
GiftUIHostConfiguration	GiftUIFailureCore	internal
GiftUIHostConfiguration	GiftUIRasterCore	internal
GiftUIHostConfiguration	GiftUIRuntimeCore	internal
GiftUIHostConfiguration	GiftUISurfaceCore	internal
GiftUIHostConfiguration	GiftUITextResources	internal
GiftUIHostConfigurationTests	GiftUI	internal
GiftUIHostConfigurationTests	GiftUIBackendIntegration	internal
GiftUIHostConfigurationTests	GiftUICapabilities	internal
GiftUIHostConfigurationTests	GiftUIDisplayCore	internal
GiftUIHostConfigurationTests	GiftUIDrawing	internal
GiftUIHostConfigurationTests	GiftUIExecution	internal
GiftUIHostConfigurationTests	GiftUIFailureCore	internal
GiftUIHostConfigurationTests	GiftUIHostConfiguration	internal
GiftUIHostConfigurationTests	GiftUIInteraction	internal
GiftUIHostConfigurationTests	GiftUILayout	internal
GiftUIHostConfigurationTests	GiftUIObservableState	internal
GiftUIHostConfigurationTests	GiftUIPlatformRaspberryPi	internal
GiftUIHostConfigurationTests	GiftUIRasterCore	internal
GiftUIHostConfigurationTests	GiftUIReferenceTextResources	internal
GiftUIHostConfigurationTests	GiftUIRenderCore	internal
GiftUIHostConfigurationTests	GiftUIRenderLowering	internal
GiftUIHostConfigurationTests	GiftUIRuntimeCore	internal
GiftUIHostConfigurationTests	GiftUIRuntimeDynamic	internal
GiftUIHostConfigurationTests	GiftUIRuntimeStatic	internal
GiftUIHostConfigurationTests	GiftUISemanticCore	internal
GiftUIHostConfigurationTests	GiftUISurfaceCore	internal
GiftUIHostConfigurationTests	GiftUITextResources	internal
GiftUIHostConfigurationTests	SignalAnalyzerData	internal
GiftUIHostConfigurationTests	SignalAnalyzerDomain	internal
GiftUIHostConfigurationTests	SignalAnalyzerHost	internal
GiftUIHostConfigurationTests	SignalAnalyzerPresentation	internal
GiftUIHostConfigurationTests	SignalAnalyzerPresetHarness	internal
GiftUIHostConfigurationTests	SignalAnalyzerTargetHost	internal
GiftUIInteraction	GiftUI	internal
GiftUIInteraction	GiftUIExecution	internal
GiftUIInteraction	GiftUILayout	internal
GiftUIInteraction	GiftUISemanticCore	internal
GiftUIInteractionFailureAdapterFixture	GiftUIFailureCore	internal
GiftUIInteractionFailureAdapterFixture	GiftUIFailureExecution	internal
GiftUIInteractionFailureAdapterFixture	GiftUIInteraction	internal
GiftUIInteractionFailureAdapterTests	GiftUIExecution	internal
GiftUIInteractionFailureAdapterTests	GiftUIFailureCore	internal
GiftUIInteractionFailureAdapterTests	GiftUIFailureDiagnostics	internal
GiftUIInteractionFailureAdapterTests	GiftUIFailureExecution	internal
GiftUIInteractionFailureAdapterTests	GiftUIInteraction	internal
GiftUIInteractionFailureAdapterTests	GiftUIInteractionFailureAdapterFixture	internal
GiftUIInteractionTests	GiftUI	internal
GiftUIInteractionTests	GiftUIExecution	internal
GiftUIInteractionTests	GiftUIInteraction	internal
GiftUILayout	GiftUI	internal
GiftUILayout	GiftUISemanticCore	internal
GiftUILayout	GiftUITextResources	internal
GiftUILayoutFailureAdapterFixture	GiftUIFailureCore	internal
GiftUILayoutFailureAdapterFixture	GiftUILayout	internal
GiftUILayoutFailureAdapterTests	GiftUIFailureCore	internal
GiftUILayoutFailureAdapterTests	GiftUILayout	internal
GiftUILayoutFailureAdapterTests	GiftUILayoutFailureAdapterFixture	internal
GiftUILayoutTests	GiftUI	internal
GiftUILayoutTests	GiftUILayout	internal
GiftUILayoutTests	GiftUIReferenceTextResources	internal
GiftUILayoutTests	GiftUISemanticCore	internal
GiftUILayoutTests	GiftUITextResources	internal
GiftUIMacros	SwiftCompilerPlugin	external
GiftUIMacros	SwiftDiagnostics	external
GiftUIMacros	SwiftSyntax	external
GiftUIMacros	SwiftSyntaxBuilder	external
GiftUIMacros	SwiftSyntaxMacros	external
GiftUIMacrosTests	GiftUIMacros	internal
GiftUIMacrosTests	SwiftSyntaxMacrosTestSupport	external
GiftUIObservableState	GiftUI	internal
GiftUIObservableState	GiftUIExecution	internal
GiftUIObservableState	GiftUISemanticCore	internal
GiftUIObservableStateFailureAdapterFixture	GiftUIFailureCore	internal
GiftUIObservableStateFailureAdapterFixture	GiftUIObservableState	internal
GiftUIObservableStateFailureAdapterTests	GiftUIFailureCore	internal
GiftUIObservableStateFailureAdapterTests	GiftUIFailureDiagnostics	internal
GiftUIObservableStateFailureAdapterTests	GiftUIObservableState	internal
GiftUIObservableStateFailureAdapterTests	GiftUIObservableStateFailureAdapterFixture	internal
GiftUIObservableStateTests	GiftUI	internal
GiftUIObservableStateTests	GiftUIExecution	internal
GiftUIObservableStateTests	GiftUIObservableState	internal
GiftUIObservableStateTests	GiftUISemanticCore	internal
GiftUIPlatformRaspberryPi	GiftUI	internal
GiftUIPlatformRaspberryPi	GiftUICapabilities	internal
GiftUIPlatformRaspberryPi	GiftUIDisplayCore	internal
GiftUIPlatformRaspberryPi	GiftUIFailureCore	internal
GiftUIPlatformRaspberryPi	GiftUISurfaceCore	internal
GiftUIPlatformRaspberryPiTests	GiftUI	internal
GiftUIPlatformRaspberryPiTests	GiftUICapabilities	internal
GiftUIPlatformRaspberryPiTests	GiftUIDisplayCore	internal
GiftUIPlatformRaspberryPiTests	GiftUIPlatformRaspberryPi	internal
GiftUIPlatformRaspberryPiTests	GiftUISurfaceCore	internal
GiftUIRasterCore	GiftUI	internal
GiftUIRasterCore	GiftUICapabilities	internal
GiftUIRasterCore	GiftUIRenderCore	internal
GiftUIRasterCore	GiftUISurfaceCore	internal
GiftUIRasterCore	GiftUITextResources	internal
GiftUIRasterCoreTests	GiftUI	internal
GiftUIRasterCoreTests	GiftUICapabilities	internal
GiftUIRasterCoreTests	GiftUIRasterCore	internal
GiftUIRasterCoreTests	GiftUIRenderCore	internal
GiftUIRasterCoreTests	GiftUISurfaceCore	internal
GiftUIRasterCoreTests	GiftUITextResources	internal
GiftUIReferenceTextResources	GiftUI	internal
GiftUIReferenceTextResources	GiftUITextResources	internal
GiftUIReferenceTextResourcesTests	GiftUI	internal
GiftUIReferenceTextResourcesTests	GiftUIReferenceTextResources	internal
GiftUIReferenceTextResourcesTests	GiftUITextResources	internal
GiftUIRenderCore	GiftUI	internal
GiftUIRenderCore	GiftUITextResources	internal
GiftUIRenderCoreTests	GiftUI	internal
GiftUIRenderCoreTests	GiftUIRenderCore	internal
GiftUIRenderCoreTests	GiftUITextResources	internal
GiftUIRenderFailureAdapterFixture	GiftUIFailureCore	internal
GiftUIRenderFailureAdapterFixture	GiftUIRenderLowering	internal
GiftUIRenderFailureAdapterTests	GiftUIFailureCore	internal
GiftUIRenderFailureAdapterTests	GiftUIRenderFailureAdapterFixture	internal
GiftUIRenderFailureAdapterTests	GiftUIRenderLowering	internal
GiftUIRenderLowering	GiftUI	internal
GiftUIRenderLowering	GiftUILayout	internal
GiftUIRenderLowering	GiftUIRenderCore	internal
GiftUIRenderLowering	GiftUISemanticCore	internal
GiftUIRenderLowering	GiftUITextResources	internal
GiftUIRenderLoweringTests	GiftUI	internal
GiftUIRenderLoweringTests	GiftUIFailureCore	internal
GiftUIRenderLoweringTests	GiftUILayout	internal
GiftUIRenderLoweringTests	GiftUIRenderCore	internal
GiftUIRenderLoweringTests	GiftUIRenderFailureAdapterFixture	internal
GiftUIRenderLoweringTests	GiftUIRenderLowering	internal
GiftUIRenderLoweringTests	GiftUISemanticCore	internal
GiftUIRenderLoweringTests	GiftUITextResources	internal
GiftUIRuntimeConformanceTests	GiftUI	internal
GiftUIRuntimeConformanceTests	GiftUIDrawing	internal
GiftUIRuntimeConformanceTests	GiftUIExecution	internal
GiftUIRuntimeConformanceTests	GiftUIInteraction	internal
GiftUIRuntimeConformanceTests	GiftUILayout	internal
GiftUIRuntimeConformanceTests	GiftUIObservableState	internal
GiftUIRuntimeConformanceTests	GiftUIRenderCore	internal
GiftUIRuntimeConformanceTests	GiftUIRenderLowering	internal
GiftUIRuntimeConformanceTests	GiftUIRuntimeCore	internal
GiftUIRuntimeConformanceTests	GiftUIRuntimeDynamic	internal
GiftUIRuntimeConformanceTests	GiftUIRuntimeStatic	internal
GiftUIRuntimeConformanceTests	GiftUISemanticCore	internal
GiftUIRuntimeCore	GiftUI	internal
GiftUIRuntimeCore	GiftUIDrawing	internal
GiftUIRuntimeCore	GiftUIExecution	internal
GiftUIRuntimeCore	GiftUIInteraction	internal
GiftUIRuntimeCore	GiftUILayout	internal
GiftUIRuntimeCore	GiftUIObservableState	internal
GiftUIRuntimeCore	GiftUIRenderCore	internal
GiftUIRuntimeCore	GiftUIRenderLowering	internal
GiftUIRuntimeCore	GiftUISemanticCore	internal
GiftUIRuntimeCore	GiftUITextResources	internal
GiftUIRuntimeCoreTests	GiftUI	internal
GiftUIRuntimeCoreTests	GiftUIDrawing	internal
GiftUIRuntimeCoreTests	GiftUIExecution	internal
GiftUIRuntimeCoreTests	GiftUIInteraction	internal
GiftUIRuntimeCoreTests	GiftUILayout	internal
GiftUIRuntimeCoreTests	GiftUIObservableState	internal
GiftUIRuntimeCoreTests	GiftUIRenderCore	internal
GiftUIRuntimeCoreTests	GiftUIRenderLowering	internal
GiftUIRuntimeCoreTests	GiftUIRuntimeCore	internal
GiftUIRuntimeCoreTests	GiftUISemanticCore	internal
GiftUIRuntimeDynamic	GiftUI	internal
GiftUIRuntimeDynamic	GiftUIDrawing	internal
GiftUIRuntimeDynamic	GiftUIExecution	internal
GiftUIRuntimeDynamic	GiftUIInteraction	internal
GiftUIRuntimeDynamic	GiftUILayout	internal
GiftUIRuntimeDynamic	GiftUIObservableState	internal
GiftUIRuntimeDynamic	GiftUIRenderCore	internal
GiftUIRuntimeDynamic	GiftUIRenderLowering	internal
GiftUIRuntimeDynamic	GiftUIRuntimeCore	internal
GiftUIRuntimeDynamic	GiftUISemanticCore	internal
GiftUIRuntimeDynamic	GiftUITextResources	internal
GiftUIRuntimeDynamicTests	GiftUI	internal
GiftUIRuntimeDynamicTests	GiftUIDrawing	internal
GiftUIRuntimeDynamicTests	GiftUIDynamicConveniences	internal
GiftUIRuntimeDynamicTests	GiftUIExecution	internal
GiftUIRuntimeDynamicTests	GiftUIInteraction	internal
GiftUIRuntimeDynamicTests	GiftUILayout	internal
GiftUIRuntimeDynamicTests	GiftUIObservableState	internal
GiftUIRuntimeDynamicTests	GiftUIRenderCore	internal
GiftUIRuntimeDynamicTests	GiftUIRenderLowering	internal
GiftUIRuntimeDynamicTests	GiftUIRuntimeCore	internal
GiftUIRuntimeDynamicTests	GiftUIRuntimeDynamic	internal
GiftUIRuntimeDynamicTests	GiftUISemanticCore	internal
GiftUIRuntimeFailureAdapterFixture	GiftUIFailureCore	internal
GiftUIRuntimeFailureAdapterFixture	GiftUIFailureExecution	internal
GiftUIRuntimeFailureAdapterFixture	GiftUIRuntimeCore	internal
GiftUIRuntimeFailureAdapterTests	GiftUIExecution	internal
GiftUIRuntimeFailureAdapterTests	GiftUIFailureCore	internal
GiftUIRuntimeFailureAdapterTests	GiftUIFailureExecution	internal
GiftUIRuntimeFailureAdapterTests	GiftUIRuntimeCore	internal
GiftUIRuntimeFailureAdapterTests	GiftUIRuntimeFailureAdapterFixture	internal
GiftUIRuntimeStatic	GiftUI	internal
GiftUIRuntimeStatic	GiftUIDrawing	internal
GiftUIRuntimeStatic	GiftUIExecution	internal
GiftUIRuntimeStatic	GiftUIInteraction	internal
GiftUIRuntimeStatic	GiftUILayout	internal
GiftUIRuntimeStatic	GiftUIObservableState	internal
GiftUIRuntimeStatic	GiftUIRenderCore	internal
GiftUIRuntimeStatic	GiftUIRenderLowering	internal
GiftUIRuntimeStatic	GiftUIRuntimeCore	internal
GiftUIRuntimeStatic	GiftUISemanticCore	internal
GiftUIRuntimeStaticTests	GiftUI	internal
GiftUIRuntimeStaticTests	GiftUIDrawing	internal
GiftUIRuntimeStaticTests	GiftUIExecution	internal
GiftUIRuntimeStaticTests	GiftUIInteraction	internal
GiftUIRuntimeStaticTests	GiftUILayout	internal
GiftUIRuntimeStaticTests	GiftUIObservableState	internal
GiftUIRuntimeStaticTests	GiftUIRenderCore	internal
GiftUIRuntimeStaticTests	GiftUIRenderLowering	internal
GiftUIRuntimeStaticTests	GiftUIRuntimeCore	internal
GiftUIRuntimeStaticTests	GiftUIRuntimeStatic	internal
GiftUIRuntimeStaticTests	GiftUISemanticCore	internal
GiftUISemanticCore	GiftUI	internal
GiftUISemanticCoreTests	GiftUI	internal
GiftUISemanticCoreTests	GiftUIObservableState	internal
GiftUISemanticCoreTests	GiftUISemanticCore	internal
GiftUISemanticFailureAdapterFixture	GiftUIFailureCore	internal
GiftUISemanticFailureAdapterFixture	GiftUISemanticCore	internal
GiftUISemanticFailureAdapterTests	GiftUIFailureCore	internal
GiftUISemanticFailureAdapterTests	GiftUISemanticCore	internal
GiftUISemanticFailureAdapterTests	GiftUISemanticFailureAdapterFixture	internal
GiftUISurfaceCore	GiftUI	internal
GiftUISurfaceCore	GiftUICapabilities	internal
GiftUISurfaceCore	GiftUIRenderCore	internal
GiftUISurfaceCoreTests	GiftUI	internal
GiftUISurfaceCoreTests	GiftUICapabilities	internal
GiftUISurfaceCoreTests	GiftUIRenderCore	internal
GiftUISurfaceCoreTests	GiftUISurfaceCore	internal
GiftUITests	GiftUI	internal
GiftUITextResourceFailureAdapterFixture	GiftUIFailureCore	internal
GiftUITextResourceFailureAdapterFixture	GiftUITextResources	internal
GiftUITextResourceOwnerAdapterTests	GiftUIFailureCore	internal
GiftUITextResourceOwnerAdapterTests	GiftUIFailureDiagnostics	internal
GiftUITextResourceOwnerAdapterTests	GiftUITextResourceFailureAdapterFixture	internal
GiftUITextResourceOwnerAdapterTests	GiftUITextResources	internal
GiftUITextResources	GiftUI	internal
GiftUITextResourcesTests	GiftUI	internal
GiftUITextResourcesTests	GiftUITextResources	internal
SignalAnalyzerData	SignalAnalyzerDomain	internal
SignalAnalyzerDataTests	SignalAnalyzerData	internal
SignalAnalyzerDataTests	SignalAnalyzerDomain	internal
SignalAnalyzerDomainTests	SignalAnalyzerDomain	internal
SignalAnalyzerHost	GiftUIExecution	internal
SignalAnalyzerHost	GiftUIHostConfiguration	internal
SignalAnalyzerHost	SignalAnalyzerDomain	internal
SignalAnalyzerHost	SignalAnalyzerPresentation	internal
SignalAnalyzerMacOSDynamic	GiftUIRuntimeDynamic	internal
SignalAnalyzerMacOSDynamic	SignalAnalyzerPresetHarness	internal
SignalAnalyzerMacOSStatic	GiftUIRuntimeStatic	internal
SignalAnalyzerMacOSStatic	SignalAnalyzerPresetHarness	internal
SignalAnalyzerNRF52840HostOracle	SignalAnalyzerPresetHarness	internal
SignalAnalyzerPresentation	GiftUI	internal
SignalAnalyzerPresentation	GiftUIFailureCore	internal
SignalAnalyzerPresentation	SignalAnalyzerDomain	internal
SignalAnalyzerPresentationTests	GiftUI	internal
SignalAnalyzerPresentationTests	GiftUIFailureCore	internal
SignalAnalyzerPresentationTests	SignalAnalyzerDomain	internal
SignalAnalyzerPresentationTests	SignalAnalyzerPresentation	internal
SignalAnalyzerPresetHarness	GiftUICapabilities	internal
SignalAnalyzerPresetHarness	GiftUIHostConfiguration	internal
SignalAnalyzerPresetHarness	GiftUIRuntimeCore	internal
SignalAnalyzerPresetHarness	SignalAnalyzerDomain	internal
SignalAnalyzerPresetHarness	SignalAnalyzerHost	internal
SignalAnalyzerPresetHarness	SignalAnalyzerPresentation	internal
SignalAnalyzerRaspberryPiARMv6	GiftUI	internal
SignalAnalyzerRaspberryPiARMv6	GiftUIDisplayCore	internal
SignalAnalyzerRaspberryPiARMv6	GiftUIHostConfiguration	internal
SignalAnalyzerRaspberryPiARMv6	GiftUIPlatformRaspberryPi	internal
SignalAnalyzerRaspberryPiARMv6	SignalAnalyzerData	internal
SignalAnalyzerRaspberryPiARMv6	SignalAnalyzerDomain	internal
SignalAnalyzerRaspberryPiARMv6	SignalAnalyzerPresentation	internal
SignalAnalyzerRaspberryPiARMv6	SignalAnalyzerPresetHarness	internal
SignalAnalyzerRaspberryPiARMv6	SignalAnalyzerTargetHost	internal
SignalAnalyzerTargetHost	GiftUI	internal
SignalAnalyzerTargetHost	GiftUIBackendIntegration	internal
SignalAnalyzerTargetHost	GiftUICapabilities	internal
SignalAnalyzerTargetHost	GiftUIDisplayCore	internal
SignalAnalyzerTargetHost	GiftUIDrawing	internal
SignalAnalyzerTargetHost	GiftUIExecution	internal
SignalAnalyzerTargetHost	GiftUIFailureCore	internal
SignalAnalyzerTargetHost	GiftUIHostConfiguration	internal
SignalAnalyzerTargetHost	GiftUIInteraction	internal
SignalAnalyzerTargetHost	GiftUILayout	internal
SignalAnalyzerTargetHost	GiftUIObservableState	internal
SignalAnalyzerTargetHost	GiftUIRasterCore	internal
SignalAnalyzerTargetHost	GiftUIReferenceTextResources	internal
SignalAnalyzerTargetHost	GiftUIRenderCore	internal
SignalAnalyzerTargetHost	GiftUIRenderLowering	internal
SignalAnalyzerTargetHost	GiftUIRuntimeCore	internal
SignalAnalyzerTargetHost	GiftUIRuntimeDynamic	internal
SignalAnalyzerTargetHost	GiftUIRuntimeStatic	internal
SignalAnalyzerTargetHost	GiftUISemanticCore	internal
SignalAnalyzerTargetHost	GiftUISurfaceCore	internal
SignalAnalyzerTargetHost	GiftUITextResources	internal
SignalAnalyzerTargetHost	SignalAnalyzerData	internal
SignalAnalyzerTargetHost	SignalAnalyzerDomain	internal
SignalAnalyzerTargetHost	SignalAnalyzerHost	internal
SignalAnalyzerTargetHost	SignalAnalyzerPresentation	internal
